operation,iteration,time_us
setup,1,1344
setup,2,1348
setup,3,1324
setup,4,1323
setup,5,1341
setup,6,1315
setup,7,1368
setup,8,2194
setup,9,1317
setup,10,1354
setup,11,1361
setup,12,1315
setup,13,1348
setup,14,1384
setup,15,1357
setup,16,1337
setup,17,1336
setup,18,1317
setup,19,1585
setup,20,1392
setup,21,1334
setup,22,1316
setup,23,1312
setup,24,2044
setup,25,1341
setup,26,1315
setup,27,1308
setup,28,1293
setup,29,1320
setup,30,1432
setup,31,1437
setup,32,1427
setup,33,1470
setup,34,1406
setup,35,1602
setup,36,1371
setup,37,1359
setup,38,1319
setup,39,1327
setup,40,1301
setup,41,1351
setup,42,1404
setup,43,1480
setup,44,1468
setup,45,1463
setup,46,1405
setup,47,1454
setup,48,1432
setup,49,1418
setup,50,1643
setup,51,1354
setup,52,1360
setup,53,1406
setup,54,1319
setup,55,2232
setup,56,1343
setup,57,1339
setup,58,1354
setup,59,1316
setup,60,1300
setup,61,1337
setup,62,1327
setup,63,1321
setup,64,1355
setup,65,1264
setup,66,1908
setup,67,1804
setup,68,1341
setup,69,1387
setup,70,1333
setup,71,1366
setup,72,1403
setup,73,1387
setup,74,1307
setup,75,1414
setup,76,1402
setup,77,1342
setup,78,1970
setup,79,1412
setup,80,1886
setup,81,1366
setup,82,1363
setup,83,1320
setup,84,1337
setup,85,1336
setup,86,1346
setup,87,1369
setup,88,1304
setup,89,2069
setup,90,1477
setup,91,1363
setup,92,1335
setup,93,1358
setup,94,1327
setup,95,1342
setup,96,1318
setup,97,1324
setup,98,1318
setup,99,1319
setup,100,1342
setup,101,1522
setup,102,1653
setup,103,1692
setup,104,1419
setup,105,1363
setup,106,1360
setup,107,1309
setup,108,1315
setup,109,1345
setup,110,1363
setup,111,1357
setup,112,1324
setup,113,1714
setup,114,1440
setup,115,1362
setup,116,1360
setup,117,1321
setup,118,1366
setup,119,1315
setup,120,1351
setup,121,1331
setup,122,1297
setup,123,1403
setup,124,1428
setup,125,1551
setup,126,1396
setup,127,1406
setup,128,1469
setup,129,1551
setup,130,1384
setup,131,1408
setup,132,1444
setup,133,1467
setup,134,1402
setup,135,1452
setup,136,1526
setup,137,1622
setup,138,1453
setup,139,1351
setup,140,1409
setup,141,1308
setup,142,1425
setup,143,1318
setup,144,1297
setup,145,1361
setup,146,1345
setup,147,1336
setup,148,1434
setup,149,1676
setup,150,1309
setup,151,1340
setup,152,1318
setup,153,1335
setup,154,1339
setup,155,1327
setup,156,1362
setup,157,1400
setup,158,1325
setup,159,1324
setup,160,1419
setup,161,1339
setup,162,1344
setup,163,1350
setup,164,1322
setup,165,1323
setup,166,1351
setup,167,1356
setup,168,1411
setup,169,1311
setup,170,1356
setup,171,1324
setup,172,1355
setup,173,1419
setup,174,1456
setup,175,1457
setup,176,1283
setup,177,1311
setup,178,1286
setup,179,1341
setup,180,1377
setup,181,1324
setup,182,1307
setup,183,1378
setup,184,1544
setup,185,1602
setup,186,1476
setup,187,1411
setup,188,1429
setup,189,1370
setup,190,1337
setup,191,1382
setup,192,1371
setup,193,1323
setup,194,1321
setup,195,1308
setup,196,1324
setup,197,2058
setup,198,1472
setup,199,1424
setup,200,1326
setup,201,1313
setup,202,1309
setup,203,1361
setup,204,1336
setup,205,1323
setup,206,1336
setup,207,1320
setup,208,1475
setup,209,1481
setup,210,1324
setup,211,1341
setup,212,1445
setup,213,1337
setup,214,1291
setup,215,1308
setup,216,1314
setup,217,1309
setup,218,1347
setup,219,1319
setup,220,1325
setup,221,1515
setup,222,1658
setup,223,1390
setup,224,1441
setup,225,1457
setup,226,1358
setup,227,1338
setup,228,1309
setup,229,1344
setup,230,1339
setup,231,1336
setup,232,1515
setup,233,1521
setup,234,1338
setup,235,1438
setup,236,1336
setup,237,1374
setup,238,1397
setup,239,1383
setup,240,1319
setup,241,1396
setup,242,1313
setup,243,1295
setup,244,1455
setup,245,1391
setup,246,1831
setup,247,1439
setup,248,1330
setup,249,1280
setup,250,1376
setup,251,1312
setup,252,1315
setup,253,1367
setup,254,1347
setup,255,1348
setup,256,1421
setup,257,1363
setup,258,1348
setup,259,1320
setup,260,1495
setup,261,1368
setup,262,1351
setup,263,1368
setup,264,1331
setup,265,1376
setup,266,1388
setup,267,1329
setup,268,1336
setup,269,1312
setup,270,1351
setup,271,1371
setup,272,1412
setup,273,1304
setup,274,1686
setup,275,2264
setup,276,1362
setup,277,1309
setup,278,1334
setup,279,1312
setup,280,1313
setup,281,1490
setup,282,1425
setup,283,1356
setup,284,1332
setup,285,1312
setup,286,1475
setup,287,1644
setup,288,1366
setup,289,1372
setup,290,1332
setup,291,1423
setup,292,1474
setup,293,1527
setup,294,1404
setup,295,1456
setup,296,1466
setup,297,1397
setup,298,1388
setup,299,1551
setup,300,1421
setup,301,1373
setup,302,1415
setup,303,1730
setup,304,1513
setup,305,1405
setup,306,1393
setup,307,1436
setup,308,1307
setup,309,1331
setup,310,1385
setup,311,1371
setup,312,1330
setup,313,1306
setup,314,1428
setup,315,1436
setup,316,2138
setup,317,1345
setup,318,1317
setup,319,1337
setup,320,1359
setup,321,1323
setup,322,1323
setup,323,1322
setup,324,1379
setup,325,1328
setup,326,1327
setup,327,1547
setup,328,1391
setup,329,1425
setup,330,1362
setup,331,1358
setup,332,1349
setup,333,1304
setup,334,1302
setup,335,1300
setup,336,1323
setup,337,1334
setup,338,1321
setup,339,1385
setup,340,1522
setup,341,1625
setup,342,1323
setup,343,1288
setup,344,1320
setup,345,1344
setup,346,1326
setup,347,1317
setup,348,1317
setup,349,1378
setup,350,1360
setup,351,1308
setup,352,1620
setup,353,1332
setup,354,1318
setup,355,1362
setup,356,1363
setup,357,1317
setup,358,1336
setup,359,1327
setup,360,1354
setup,361,1348
setup,362,1321
setup,363,1367
setup,364,1837
setup,365,1480
setup,366,1354
setup,367,1310
setup,368,1304
setup,369,1384
setup,370,1369
setup,371,1289
setup,372,1380
setup,373,1331
setup,374,1361
setup,375,1432
setup,376,1357
setup,377,1545
setup,378,1387
setup,379,1386
setup,380,1334
setup,381,1392
setup,382,1341
setup,383,1312
setup,384,1343
setup,385,1326
setup,386,1314
setup,387,1324
setup,388,1349
setup,389,2098
setup,390,1397
setup,391,1428
setup,392,1345
setup,393,1336
setup,394,1408
setup,395,1406
setup,396,1389
setup,397,1348
setup,398,1415
setup,399,1401
setup,400,1369
setup,401,1431
setup,402,1358
setup,403,1347
setup,404,1406
setup,405,1578
setup,406,1446
setup,407,1411
setup,408,1309
setup,409,1342
setup,410,1358
setup,411,1335
setup,412,1421
setup,413,1517
setup,414,1590
setup,415,1752
setup,416,1401
setup,417,1522
setup,418,1347
setup,419,1294
setup,420,1312
setup,421,1411
setup,422,1449
setup,423,1346
setup,424,1543
setup,425,1421
setup,426,1391
setup,427,1389
setup,428,1312
setup,429,1353
setup,430,1382
setup,431,1332
setup,432,1340
setup,433,1400
setup,434,1347
setup,435,1415
setup,436,1527
setup,437,1864
setup,438,1528
setup,439,1301
setup,440,1370
setup,441,1398
setup,442,1336
setup,443,1318
setup,444,1382
setup,445,1305
setup,446,1349
setup,447,1447
setup,448,1465
setup,449,1480
setup,450,1420
setup,451,1653
setup,452,1397
setup,453,1336
setup,454,1340
setup,455,1447
setup,456,1302
setup,457,1324
setup,458,1387
setup,459,1484
setup,460,1362
setup,461,1354
setup,462,1323
setup,463,1914
setup,464,1402
setup,465,1384
setup,466,1645
setup,467,1477
setup,468,1369
setup,469,1376
setup,470,1438
setup,471,1411
setup,472,1383
setup,473,1422
setup,474,1428
setup,475,1388
setup,476,1283
setup,477,1351
setup,478,1371
setup,479,1330
setup,480,1371
setup,481,1316
setup,482,1380
setup,483,1375
setup,484,1329
setup,485,1377
setup,486,1332
setup,487,2880
setup,488,1522
setup,489,1413
setup,490,1326
setup,491,1323
setup,492,1407
setup,493,1579
setup,494,1362
setup,495,1360
setup,496,1417
setup,497,1436
setup,498,1380
setup,499,1350
setup,500,1480
extract,1,1054
extract,2,987
extract,3,992
extract,4,995
extract,5,989
extract,6,991
extract,7,1039
extract,8,1108
extract,9,1124
extract,10,1022
extract,11,1009
extract,12,1069
extract,13,1174
extract,14,1111
extract,15,1066
extract,16,1142
extract,17,1087
extract,18,1063
extract,19,1013
extract,20,1045
extract,21,999
extract,22,1003
extract,23,1070
extract,24,1037
extract,25,1012
extract,26,984
extract,27,1010
extract,28,1145
extract,29,1227
extract,30,1049
extract,31,1078
extract,32,1013
extract,33,978
extract,34,971
extract,35,1035
extract,36,978
extract,37,1006
extract,38,1004
extract,39,988
extract,40,1035
extract,41,996
extract,42,1008
extract,43,1001
extract,44,1075
extract,45,1105
extract,46,1060
extract,47,1090
extract,48,1046
extract,49,1004
extract,50,1016
extract,51,1159
extract,52,1097
extract,53,1055
extract,54,1005
extract,55,1057
extract,56,996
extract,57,994
extract,58,984
extract,59,1037
extract,60,1050
extract,61,1330
extract,62,1034
extract,63,1004
extract,64,969
extract,65,1038
extract,66,989
extract,67,960
extract,68,1010
extract,69,1020
extract,70,986
extract,71,993
extract,72,1001
extract,73,1055
extract,74,996
extract,75,993
extract,76,1022
extract,77,1018
extract,78,1028
extract,79,1020
extract,80,1037
extract,81,982
extract,82,1001
extract,83,1031
extract,84,1018
extract,85,992
extract,86,1002
extract,87,1012
extract,88,1026
extract,89,1011
extract,90,1022
extract,91,996
extract,92,1035
extract,93,1041
extract,94,1012
extract,95,1282
extract,96,1072
extract,97,1064
extract,98,1073
extract,99,1206
extract,100,1063
extract,101,1039
extract,102,1079
extract,103,1110
extract,104,1029
extract,105,1032
extract,106,986
extract,107,978
extract,108,1001
extract,109,1049
extract,110,1017
extract,111,988
extract,112,1060
extract,113,978
extract,114,987
extract,115,1010
extract,116,1028
extract,117,1029
extract,118,990
extract,119,1002
extract,120,1005
extract,121,1045
extract,122,1010
extract,123,1034
extract,124,1000
extract,125,1099
extract,126,1015
extract,127,1001
extract,128,1018
extract,129,992
extract,130,1363
extract,131,1075
extract,132,1287
extract,133,1063
extract,134,1033
extract,135,1002
extract,136,1007
extract,137,1019
extract,138,1010
extract,139,1030
extract,140,1027
extract,141,1063
extract,142,1014
extract,143,1045
extract,144,1018
extract,145,1015
extract,146,1020
extract,147,1015
extract,148,1005
extract,149,989
extract,150,1012
extract,151,1020
extract,152,1089
extract,153,1024
extract,154,1018
extract,155,1014
extract,156,1419
extract,157,1546
extract,158,1320
extract,159,1211
extract,160,1076
extract,161,1034
extract,162,1014
extract,163,996
extract,164,975
extract,165,986
extract,166,1015
extract,167,998
extract,168,1016
extract,169,1007
extract,170,996
extract,171,991
extract,172,1351
extract,173,1142
extract,174,974
extract,175,1020
extract,176,1008
extract,177,1029
extract,178,972
extract,179,1027
extract,180,1034
extract,181,1003
extract,182,999
extract,183,993
extract,184,983
extract,185,1026
extract,186,986
extract,187,1170
extract,188,1101
extract,189,1223
extract,190,1077
extract,191,1094
extract,192,1321
extract,193,967
extract,194,995
extract,195,1014
extract,196,1028
extract,197,1003
extract,198,1001
extract,199,1000
extract,200,980
extract,201,1024
extract,202,989
extract,203,1453
extract,204,1573
extract,205,1052
extract,206,1044
extract,207,971
extract,208,1068
extract,209,1067
extract,210,1006
extract,211,1024
extract,212,954
extract,213,1025
extract,214,1004
extract,215,1038
extract,216,961
extract,217,1027
extract,218,1344
extract,219,1214
extract,220,1082
extract,221,1066
extract,222,1065
extract,223,1044
extract,224,1078
extract,225,1228
extract,226,1109
extract,227,1011
extract,228,979
extract,229,981
extract,230,1039
extract,231,1004
extract,232,1015
extract,233,1030
extract,234,1005
extract,235,1139
extract,236,1098
extract,237,1076
extract,238,997
extract,239,998
extract,240,1056
extract,241,1006
extract,242,1022
extract,243,1022
extract,244,1016
extract,245,1007
extract,246,1039
extract,247,994
extract,248,1011
extract,249,1085
extract,250,1074
extract,251,1101
extract,252,1464
extract,253,1039
extract,254,1000
extract,255,994
extract,256,1057
extract,257,1042
extract,258,1039
extract,259,1028
extract,260,1029
extract,261,1007
extract,262,980
extract,263,1000
extract,264,1022
extract,265,1035
extract,266,1019
extract,267,1061
extract,268,1025
extract,269,993
extract,270,1286
extract,271,1052
extract,272,990
extract,273,982
extract,274,996
extract,275,1019
extract,276,1051
extract,277,1009
extract,278,973
extract,279,1041
extract,280,992
extract,281,1015
extract,282,994
extract,283,1023
extract,284,1005
extract,285,1021
extract,286,972
extract,287,1029
extract,288,1021
extract,289,997
extract,290,1447
extract,291,1243
extract,292,1051
extract,293,1059
extract,294,1083
extract,295,1093
extract,296,1130
extract,297,1052
extract,298,1065
extract,299,1040
extract,300,1096
extract,301,1050
extract,302,1024
extract,303,1092
extract,304,1531
extract,305,1033
extract,306,1013
extract,307,971
extract,308,989
extract,309,1003
extract,310,996
extract,311,1013
extract,312,974
extract,313,997
extract,314,1236
extract,315,1077
extract,316,1091
extract,317,1095
extract,318,1092
extract,319,1054
extract,320,1206
extract,321,1005
extract,322,1015
extract,323,1053
extract,324,1016
extract,325,990
extract,326,978
extract,327,1015
extract,328,999
extract,329,1455
extract,330,1216
extract,331,1015
extract,332,1024
extract,333,1003
extract,334,1004
extract,335,1006
extract,336,1018
extract,337,1006
extract,338,988
extract,339,975
extract,340,984
extract,341,996
extract,342,1000
extract,343,997
extract,344,1101
extract,345,1080
extract,346,1260
extract,347,1017
extract,348,975
extract,349,984
extract,350,1041
extract,351,998
extract,352,965
extract,353,1012
extract,354,995
extract,355,997
extract,356,964
extract,357,960
extract,358,1021
extract,359,981
extract,360,984
extract,361,969
extract,362,1231
extract,363,1062
extract,364,1042
extract,365,1022
extract,366,1004
extract,367,1011
extract,368,1047
extract,369,1035
extract,370,1019
extract,371,1000
extract,372,1026
extract,373,1005
extract,374,1049
extract,375,1006
extract,376,1019
extract,377,1056
extract,378,1168
extract,379,1319
extract,380,995
extract,381,1008
extract,382,986
extract,383,991
extract,384,997
extract,385,1027
extract,386,1071
extract,387,994
extract,388,987
extract,389,1011
extract,390,1036
extract,391,1044
extract,392,955
extract,393,997
extract,394,1085
extract,395,1039
extract,396,1001
extract,397,1037
extract,398,1003
extract,399,1022
extract,400,1001
extract,401,1024
extract,402,1001
extract,403,1061
extract,404,1018
extract,405,1005
extract,406,1019
extract,407,1022
extract,408,1009
extract,409,1090
extract,410,1061
extract,411,1045
extract,412,1052
extract,413,1062
extract,414,1458
extract,415,1010
extract,416,976
extract,417,1016
extract,418,988
extract,419,993
extract,420,989
extract,421,1010
extract,422,982
extract,423,962
extract,424,1000
extract,425,1086
extract,426,1061
extract,427,1007
extract,428,976
extract,429,1018
extract,430,990
extract,431,1006
extract,432,1002
extract,433,992
extract,434,1021
extract,435,987
extract,436,1010
extract,437,1003
extract,438,1017
extract,439,1024
extract,440,1005
extract,441,995
extract,442,1491
extract,443,1409
extract,444,1127
extract,445,1031
extract,446,1034
extract,447,1014
extract,448,1014
extract,449,975
extract,450,1020
extract,451,1123
extract,452,1089
extract,453,1045
extract,454,1012
extract,455,1014
extract,456,1046
extract,457,1267
extract,458,1425
extract,459,1063
extract,460,1021
extract,461,984
extract,462,1023
extract,463,1007
extract,464,987
extract,465,1037
extract,466,1044
extract,467,998
extract,468,995
extract,469,999
extract,470,996
extract,471,991
extract,472,1003
extract,473,1041
extract,474,1129
extract,475,1081
extract,476,1179
extract,477,1074
extract,478,1012
extract,479,1009
extract,480,1006
extract,481,1001
extract,482,1013
extract,483,1014
extract,484,986
extract,485,1013
extract,486,1013
extract,487,1004
extract,488,1014
extract,489,1008
extract,490,1092
extract,491,1089
extract,492,1103
extract,493,1144
extract,494,1046
extract,495,964
extract,496,985
extract,497,1012
extract,498,1013
extract,499,977
extract,500,1000
sign,1,1758
sign,2,1679
sign,3,1726
sign,4,1672
sign,5,1726
sign,6,1666
sign,7,1795
sign,8,2163
sign,9,1842
sign,10,1675
sign,11,1728
sign,12,1681
sign,13,1599
sign,14,1695
sign,15,1648
sign,16,1662
sign,17,1892
sign,18,1868
sign,19,1821
sign,20,1896
sign,21,1883
sign,22,1651
sign,23,1667
sign,24,1694
sign,25,1692
sign,26,1725
sign,27,1730
sign,28,1959
sign,29,1696
sign,30,1718
sign,31,1662
sign,32,1657
sign,33,1723
sign,34,1665
sign,35,1757
sign,36,1647
sign,37,2048
sign,38,1941
sign,39,1872
sign,40,2165
sign,41,1727
sign,42,1659
sign,43,1686
sign,44,1722
sign,45,1716
sign,46,1849
sign,47,1789
sign,48,1784
sign,49,1694
sign,50,1713
sign,51,1736
sign,52,1685
sign,53,1716
sign,54,1698
sign,55,1764
sign,56,2259
sign,57,1723
sign,58,1655
sign,59,1673
sign,60,1711
sign,61,1683
sign,62,1690
sign,63,1753
sign,64,1818
sign,65,1726
sign,66,1744
sign,67,1750
sign,68,1709
sign,69,1734
sign,70,1694
sign,71,1665
sign,72,1674
sign,73,1669
sign,74,1695
sign,75,1964
sign,76,1762
sign,77,1672
sign,78,1651
sign,79,1651
sign,80,1687
sign,81,1677
sign,82,1711
sign,83,1701
sign,84,1797
sign,85,1768
sign,86,1727
sign,87,1670
sign,88,1684
sign,89,1725
sign,90,1692
sign,91,1683
sign,92,1739
sign,93,1740
sign,94,1706
sign,95,1832
sign,96,1861
sign,97,1694
sign,98,1691
sign,99,1669
sign,100,1692
sign,101,1748
sign,102,1698
sign,103,1791
sign,104,1731
sign,105,1690
sign,106,1735
sign,107,1692
sign,108,1741
sign,109,1737
sign,110,1685
sign,111,1674
sign,112,1717
sign,113,1825
sign,114,1800
sign,115,1701
sign,116,1645
sign,117,2161
sign,118,1819
sign,119,1841
sign,120,1810
sign,121,1902
sign,122,1782
sign,123,1817
sign,124,1770
sign,125,1799
sign,126,2199
sign,127,1666
sign,128,1717
sign,129,1653
sign,130,1646
sign,131,1982
sign,132,1804
sign,133,1744
sign,134,1688
sign,135,1703
sign,136,1726
sign,137,1711
sign,138,1702
sign,139,1705
sign,140,1994
sign,141,1792
sign,142,1715
sign,143,1698
sign,144,1696
sign,145,1688
sign,146,1686
sign,147,1714
sign,148,1715
sign,149,1733
sign,150,2060
sign,151,1950
sign,152,1799
sign,153,1792
sign,154,1811
sign,155,1780
sign,156,2103
sign,157,1793
sign,158,1696
sign,159,1948
sign,160,1710
sign,161,1688
sign,162,1697
sign,163,1762
sign,164,1743
sign,165,1735
sign,166,1747
sign,167,1717
sign,168,1794
sign,169,2149
sign,170,1934
sign,171,1720
sign,172,1736
sign,173,1711
sign,174,1667
sign,175,1661
sign,176,1714
sign,177,1754
sign,178,1857
sign,179,1814
sign,180,1757
sign,181,1724
sign,182,1906
sign,183,1875
sign,184,1732
sign,185,1774
sign,186,1704
sign,187,1846
sign,188,2077
sign,189,2092
sign,190,1715
sign,191,1797
sign,192,1712
sign,193,1775
sign,194,1668
sign,195,1701
sign,196,2221
sign,197,1778
sign,198,1803
sign,199,1679
sign,200,1839
sign,201,1775
sign,202,1784
sign,203,1742
sign,204,1696
sign,205,1709
sign,206,1720
sign,207,2010
sign,208,1797
sign,209,2289
sign,210,1713
sign,211,1837
sign,212,1687
sign,213,1713
sign,214,1702
sign,215,1833
sign,216,1783
sign,217,1738
sign,218,1704
sign,219,1758
sign,220,1783
sign,221,1740
sign,222,1700
sign,223,1725
sign,224,2280
sign,225,1958
sign,226,1782
sign,227,1758
sign,228,1717
sign,229,2149
sign,230,1851
sign,231,1803
sign,232,1879
sign,233,1763
sign,234,1808
sign,235,1799
sign,236,1784
sign,237,1801
sign,238,2225
sign,239,1776
sign,240,1791
sign,241,1717
sign,242,2071
sign,243,1814
sign,244,1798
sign,245,1792
sign,246,1806
sign,247,1916
sign,248,1689
sign,249,1612
sign,250,1659
sign,251,2000
sign,252,1778
sign,253,1796
sign,254,1694
sign,255,1751
sign,256,1757
sign,257,1714
sign,258,1710
sign,259,1722
sign,260,1799
sign,261,2024
sign,262,1892
sign,263,1960
sign,264,1761
sign,265,1692
sign,266,1738
sign,267,1667
sign,268,1661
sign,269,1792
sign,270,2185
sign,271,1732
sign,272,1711
sign,273,1702
sign,274,1751
sign,275,1741
sign,276,1702
sign,277,1699
sign,278,1704
sign,279,1752
sign,280,2152
sign,281,1921
sign,282,1999
sign,283,1707
sign,284,1739
sign,285,1726
sign,286,1804
sign,287,1684
sign,288,1802
sign,289,1811
sign,290,1724
sign,291,1715
sign,292,1675
sign,293,1765
sign,294,1720
sign,295,1690
sign,296,1720
sign,297,1821
sign,298,1959
sign,299,1833
sign,300,1826
sign,301,1945
sign,302,1806
sign,303,1790
sign,304,1760
sign,305,1867
sign,306,1955
sign,307,1857
sign,308,1726
sign,309,1760
sign,310,1693
sign,311,1708
sign,312,1650
sign,313,1670
sign,314,1641
sign,315,1651
sign,316,1756
sign,317,1891
sign,318,1664
sign,319,1654
sign,320,1692
sign,321,1648
sign,322,1698
sign,323,1906
sign,324,1824
sign,325,1786
sign,326,1819
sign,327,1789
sign,328,1753
sign,329,1718
sign,330,1703
sign,331,1713
sign,332,1719
sign,333,1764
sign,334,1682
sign,335,1748
sign,336,1770
sign,337,2177
sign,338,1797
sign,339,1865
sign,340,1995
sign,341,1781
sign,342,1812
sign,343,1815
sign,344,1797
sign,345,1837
sign,346,1817
sign,347,2167
sign,348,1820
sign,349,1756
sign,350,1664
sign,351,1702
sign,352,1699
sign,353,1756
sign,354,1725
sign,355,1810
sign,356,1768
sign,357,1681
sign,358,1703
sign,359,1687
sign,360,1661
sign,361,1710
sign,362,1654
sign,363,1739
sign,364,1765
sign,365,1734
sign,366,1721
sign,367,1765
sign,368,1686
sign,369,1734
sign,370,1676
sign,371,1742
sign,372,1730
sign,373,1831
sign,374,1858
sign,375,1738
sign,376,1683
sign,377,1691
sign,378,1693
sign,379,1672
sign,380,1660
sign,381,1691
sign,382,1683
sign,383,1856
sign,384,1785
sign,385,1740
sign,386,1699
sign,387,1652
sign,388,1718
sign,389,1671
sign,390,1704
sign,391,1680
sign,392,1695
sign,393,2181
sign,394,1796
sign,395,1692
sign,396,1701
sign,397,1645
sign,398,1717
sign,399,1659
sign,400,1668
sign,401,1692
sign,402,1903
sign,403,1709
sign,404,1715
sign,405,1715
sign,406,1664
sign,407,1692
sign,408,1692
sign,409,1701
sign,410,1731
sign,411,1739
sign,412,1843
sign,413,2084
sign,414,1732
sign,415,1643
sign,416,1663
sign,417,1654
sign,418,1611
sign,419,1730
sign,420,1722
sign,421,1719
sign,422,1812
sign,423,1698
sign,424,1673
sign,425,1665
sign,426,1719
sign,427,1718
sign,428,1716
sign,429,1710
sign,430,1728
sign,431,2113
sign,432,1980
sign,433,1842
sign,434,1818
sign,435,1754
sign,436,1768
sign,437,1813
sign,438,1718
sign,439,1718
sign,440,2076
sign,441,1858
sign,442,1847
sign,443,1793
sign,444,1886
sign,445,1832
sign,446,1666
sign,447,1681
sign,448,1752
sign,449,1976
sign,450,2868
sign,451,1734
sign,452,1769
sign,453,1765
sign,454,1699
sign,455,1668
sign,456,1755
sign,457,1792
sign,458,1746
sign,459,2476
sign,460,1814
sign,461,1740
sign,462,1793
sign,463,1692
sign,464,1728
sign,465,1751
sign,466,1786
sign,467,1992
sign,468,2246
sign,469,2216
sign,470,1708
sign,471,1851
sign,472,1662
sign,473,1759
sign,474,1657
sign,475,1733
sign,476,1780
sign,477,1639
sign,478,1882
sign,479,1755
sign,480,1778
sign,481,1698
sign,482,1818
sign,483,1683
sign,484,1700
sign,485,1719
sign,486,1767
sign,487,1909
sign,488,1913
sign,489,1740
sign,490,1727
sign,491,1757
sign,492,1692
sign,493,1695
sign,494,1740
sign,495,1839
sign,496,1884
sign,497,2537
sign,498,1870
sign,499,1678
sign,500,1673
verify,1,3238
verify,2,3208
verify,3,3218
verify,4,3537
verify,5,3360
verify,6,3227
verify,7,3224
verify,8,3242
verify,9,3299
verify,10,3652
verify,11,3213
verify,12,3196
verify,13,3200
verify,14,3311
verify,15,3316
verify,16,3260
verify,17,3235
verify,18,3204
verify,19,3261
verify,20,4718
verify,21,3209
verify,22,3330
verify,23,3203
verify,24,3246
verify,25,3373
verify,26,3319
verify,27,3228
verify,28,3228
verify,29,3273
verify,30,3280
verify,31,4629
verify,32,3431
verify,33,3283
verify,34,3400
verify,35,3320
verify,36,3362
verify,37,3529
verify,38,3432
verify,39,3715
verify,40,3410
verify,41,3539
verify,42,3595
verify,43,3537
verify,44,3714
verify,45,3367
verify,46,3234
verify,47,3190
verify,48,3928
verify,49,3414
verify,50,3737
verify,51,3320
verify,52,3263
verify,53,3665
verify,54,3319
verify,55,3275
verify,56,3278
verify,57,3495
verify,58,4022
verify,59,3418
verify,60,3400
verify,61,3350
verify,62,3330
verify,63,3441
verify,64,3292
verify,65,3287
verify,66,3287
verify,67,4305
verify,68,4179
verify,69,3291
verify,70,3179
verify,71,3207
verify,72,3609
verify,73,3396
verify,74,3275
verify,75,3306
verify,76,3265
verify,77,4116
verify,78,3201
verify,79,3274
verify,80,3214
verify,81,3238
verify,82,4109
verify,83,3593
verify,84,3269
verify,85,3274
verify,86,3350
verify,87,3602
verify,88,3627
verify,89,3253
verify,90,3220
verify,91,3245
verify,92,3433
verify,93,3306
verify,94,3276
verify,95,3321
verify,96,3298
verify,97,3701
verify,98,3342
verify,99,3190
verify,100,3199
verify,101,3383
verify,102,3696
verify,103,3312
verify,104,4077
verify,105,3584
verify,106,3407
verify,107,3508
verify,108,3741
verify,109,3304
verify,110,3298
verify,111,3239
verify,112,3283
verify,113,3488
verify,114,3286
verify,115,3329
verify,116,3389
verify,117,3385
verify,118,3837
verify,119,3316
verify,120,3274
verify,121,3433
verify,122,3276
verify,123,3382
verify,124,3351
verify,125,3354
verify,126,4460
verify,127,3356
verify,128,3226
verify,129,3202
verify,130,3374
verify,131,4001
verify,132,3338
verify,133,3323
verify,134,3255
verify,135,4367
verify,136,3721
verify,137,3399
verify,138,3832
verify,139,4035
verify,140,3488
verify,141,3281
verify,142,3328
verify,143,3285
verify,144,3525
verify,145,4806
verify,146,3214
verify,147,3194
verify,148,3246
verify,149,3584
verify,150,3374
verify,151,3301
verify,152,3309
verify,153,3218
verify,154,3337
verify,155,3611
verify,156,3532
verify,157,3391
verify,158,3404
verify,159,3241
verify,160,3357
verify,161,3309
verify,162,3200
verify,163,3177
verify,164,3281
verify,165,3546
verify,166,4150
verify,167,3263
verify,168,3200
verify,169,3243
verify,170,3295
verify,171,3291
verify,172,3217
verify,173,3235
verify,174,3930
verify,175,3419
verify,176,3371
verify,177,3610
verify,178,3620
verify,179,3425
verify,180,3243
verify,181,3229
verify,182,3290
verify,183,3885
verify,184,4304
verify,185,3364
verify,186,3262
verify,187,3237
verify,188,3446
verify,189,3395
verify,190,3322
verify,191,3338
verify,192,3262
verify,193,3857
verify,194,3219
verify,195,3191
verify,196,3196
verify,197,3279
verify,198,3338
verify,199,3481
verify,200,3430
verify,201,3541
verify,202,3443
verify,203,3363
verify,204,3522
verify,205,3692
verify,206,3494
verify,207,3261
verify,208,3464
verify,209,3366
verify,210,3533
verify,211,3487
verify,212,3807
verify,213,3237
verify,214,3624
verify,215,3537
verify,216,3387
verify,217,3491
verify,218,3263
verify,219,3200
verify,220,3520
verify,221,3305
verify,222,3799
verify,223,3655
verify,224,3261
verify,225,3233
verify,226,3349
verify,227,3636
verify,228,3463
verify,229,3281
verify,230,3268
verify,231,3305
verify,232,3612
verify,233,3398
verify,234,3277
verify,235,3250
verify,236,3198
verify,237,3463
verify,238,3273
verify,239,3231
verify,240,3234
verify,241,3194
verify,242,3363
verify,243,3743
verify,244,3265
verify,245,3196
verify,246,3212
verify,247,3236
verify,248,3453
verify,249,3330
verify,250,3260
verify,251,3254
verify,252,3496
verify,253,3477
verify,254,3974
verify,255,3208
verify,256,3214
verify,257,3382
verify,258,3219
verify,259,6261
verify,260,3407
verify,261,4088
verify,262,3362
verify,263,3269
verify,264,3350
verify,265,3369
verify,266,3819
verify,267,3225
verify,268,3207
verify,269,3173
verify,270,3286
verify,271,4179
verify,272,3198
verify,273,3186
verify,274,3206
verify,275,3277
verify,276,4018
verify,277,3272
verify,278,3178
verify,279,3274
verify,280,3530
verify,281,4147
verify,282,3365
verify,283,3210
verify,284,3195
verify,285,3386
verify,286,3325
verify,287,3323
verify,288,3272
verify,289,3242
verify,290,3388
verify,291,4344
verify,292,3602
verify,293,3283
verify,294,3188
verify,295,3278
verify,296,3661
verify,297,3410
verify,298,3766
verify,299,3359
verify,300,3329
verify,301,3911
verify,302,3203
verify,303,3198
verify,304,3194
verify,305,3480
verify,306,3195
verify,307,4143
verify,308,3282
verify,309,3708
verify,310,3422
verify,311,3685
verify,312,3220
verify,313,3303
verify,314,3647
verify,315,3520
verify,316,3206
verify,317,3186
verify,318,3711
verify,319,3459
verify,320,3235
verify,321,3630
verify,322,3273
verify,323,3187
verify,324,3638
verify,325,3443
verify,326,3303
verify,327,3258
verify,328,3289
verify,329,3882
verify,330,3200
verify,331,3251
verify,332,3230
verify,333,4040
verify,334,3577
verify,335,3224
verify,336,3196
verify,337,3237
verify,338,4438
verify,339,3621
verify,340,3300
verify,341,3227
verify,342,3196
verify,343,3526
verify,344,3540
verify,345,3189
verify,346,3211
verify,347,3172
verify,348,3883
verify,349,3420
verify,350,3596
verify,351,3408
verify,352,3402
verify,353,4012
verify,354,3395
verify,355,3261
verify,356,3235
verify,357,3279
verify,358,3779
verify,359,3208
verify,360,3188
verify,361,3223
verify,362,3306
verify,363,3372
verify,364,3940
verify,365,3202
verify,366,3200
verify,367,3341
verify,368,3941
verify,369,3688
verify,370,3263
verify,371,3194
verify,372,3258
verify,373,3521
verify,374,3190
verify,375,3192
verify,376,3175
verify,377,3441
verify,378,3396
verify,379,3202
verify,380,3225
verify,381,3213
verify,382,3297
verify,383,3783
verify,384,3229
verify,385,3212
verify,386,3201
verify,387,3280
verify,388,3592
verify,389,3245
verify,390,3205
verify,391,3199
verify,392,3288
verify,393,3921
verify,394,3405
verify,395,3391
verify,396,3408
verify,397,4023
verify,398,3533
verify,399,3957
verify,400,3286
verify,401,3318
verify,402,3510
verify,403,3256
verify,404,3234
verify,405,3218
verify,406,3235
verify,407,3319
verify,408,3710
verify,409,3222
verify,410,3247
verify,411,3216
verify,412,3296
verify,413,3447
verify,414,3259
verify,415,3313
verify,416,3262
verify,417,3418
verify,418,3399
verify,419,3284
verify,420,3190
verify,421,3204
verify,422,3330
verify,423,3271
verify,424,3259
verify,425,3255
verify,426,3264
verify,427,3695
verify,428,3220
verify,429,3217
verify,430,3184
verify,431,3286
verify,432,3626
verify,433,3243
verify,434,3223
verify,435,3199
verify,436,3204
verify,437,4653
verify,438,3624
verify,439,3244
verify,440,3188
verify,441,3170
verify,442,4297
verify,443,3226
verify,444,3200
verify,445,3240
verify,446,3568
verify,447,3736
verify,448,3367
verify,449,3193
verify,450,3269
verify,451,3437
verify,452,3438
verify,453,3246
verify,454,3318
verify,455,3243
verify,456,3757
verify,457,3773
verify,458,3566
verify,459,3410
verify,460,3410
verify,461,4035
verify,462,3430
verify,463,3446
verify,464,3241
verify,465,3289
verify,466,3485
verify,467,3318
verify,468,3214
verify,469,3194
verify,470,3174
verify,471,3383
verify,472,3762
verify,473,3393
verify,474,3977
verify,475,3446
verify,476,3442
verify,477,3910
verify,478,3217
verify,479,3379
verify,480,3360
verify,481,3296
verify,482,3446
verify,483,3265
verify,484,3198
verify,485,3273
verify,486,3683
verify,487,3739
verify,488,3293
verify,489,3280
verify,490,3248
verify,491,3327
verify,492,3227
verify,493,3211
verify,494,3265
verify,495,3343
verify,496,3287
verify,497,3712
verify,498,3442
verify,499,3589
verify,500,3347
