operation,iteration,duration_us
Setup,1,2325
Setup,2,2405
Setup,3,2435
Setup,4,2367
Setup,5,2375
Setup,6,2344
Setup,7,2345
Setup,8,2317
Setup,9,2496
Setup,10,2352
Setup,11,2384
Setup,12,2340
Setup,13,2389
Setup,14,2337
Setup,15,2353
Setup,16,2470
Setup,17,2555
Setup,18,2378
Setup,19,2360
Setup,20,2326
Setup,21,2302
Setup,22,2334
Setup,23,2649
Setup,24,2442
Setup,25,2416
Setup,26,2440
Setup,27,2486
Setup,28,2436
Setup,29,2450
Setup,30,2644
Setup,31,2621
Setup,32,2510
Setup,33,2541
Setup,34,2527
Setup,35,2523
Setup,36,2538
Setup,37,2513
Setup,38,2497
Setup,39,2409
Setup,40,2438
Setup,41,2507
Setup,42,2447
Setup,43,2599
Setup,44,2714
Setup,45,2470
Setup,46,2481
Setup,47,2509
Setup,48,2526
Setup,49,2522
Setup,50,2616
Setup,51,2519
Setup,52,2492
Setup,53,2487
Setup,54,2524
Setup,55,2432
Setup,56,2567
Setup,57,2720
Setup,58,2507
Setup,59,2497
Setup,60,2486
Setup,61,2413
Setup,62,2529
Setup,63,2541
Setup,64,2489
Setup,65,2500
Setup,66,2506
Setup,67,2492
Setup,68,2478
Setup,69,2436
Setup,70,2829
Setup,71,2589
Setup,72,2527
Setup,73,2537
Setup,74,2571
Setup,75,2434
Setup,76,2561
Setup,77,2443
Setup,78,2500
Setup,79,2511
Setup,80,2630
Setup,81,2521
Setup,82,2455
Setup,83,2591
Setup,84,2494
Setup,85,2357
Setup,86,2474
Setup,87,2484
Setup,88,2434
Setup,89,2562
Setup,90,2558
Setup,91,2634
Setup,92,2806
Setup,93,2504
Setup,94,2713
Setup,95,2516
Setup,96,2518
Setup,97,2639
Setup,98,2507
Setup,99,2490
Setup,100,2399
Setup,101,2499
Setup,102,2547
Setup,103,2561
Setup,104,2535
Setup,105,2479
Setup,106,2484
Setup,107,2480
Setup,108,2420
Setup,109,2546
Setup,110,2668
Setup,111,2447
Setup,112,2527
Setup,113,2427
Setup,114,2409
Setup,115,2455
Setup,116,2918
Setup,117,2392
Setup,118,2503
Setup,119,2447
Setup,120,2516
Setup,121,2439
Setup,122,2786
Setup,123,2834
Setup,124,2443
Setup,125,2482
Setup,126,2456
Setup,127,2517
Setup,128,2579
Setup,129,2585
Setup,130,2576
Setup,131,2671
Setup,132,2509
Setup,133,2558
Setup,134,2532
Setup,135,2705
Setup,136,2718
Setup,137,2571
Setup,138,2480
Setup,139,2456
Setup,140,2444
Setup,141,2643
Setup,142,2901
Setup,143,2514
Setup,144,2416
Setup,145,2372
Setup,146,2333
Setup,147,2339
Setup,148,2635
Setup,149,3101
Setup,150,2375
Setup,151,2357
Setup,152,2380
Setup,153,2398
Setup,154,2394
Setup,155,3117
Setup,156,2971
Setup,157,2468
Setup,158,2359
Setup,159,2537
Setup,160,2460
Setup,161,2579
Setup,162,2647
Setup,163,2552
Setup,164,2445
Setup,165,2434
Setup,166,2510
Setup,167,2457
Setup,168,3156
Setup,169,2485
Setup,170,2500
Setup,171,2401
Setup,172,2473
Setup,173,2494
Setup,174,2473
Setup,175,2977
Setup,176,2534
Setup,177,2460
Setup,178,2530
Setup,179,2449
Setup,180,2500
Setup,181,2534
Setup,182,2659
Setup,183,2502
Setup,184,2486
Setup,185,2483
Setup,186,2449
Setup,187,2422
Setup,188,2590
Setup,189,2468
Setup,190,2403
Setup,191,2494
Setup,192,2435
Setup,193,2291
Setup,194,2570
Setup,195,2507
Setup,196,2424
Setup,197,2385
Setup,198,2455
Setup,199,2457
Setup,200,2465
Setup,201,2494
Setup,202,2815
Setup,203,2498
Setup,204,2386
Setup,205,2470
Setup,206,2419
Setup,207,2540
Setup,208,2586
Setup,209,2470
Setup,210,2475
Setup,211,2396
Setup,212,2452
Setup,213,2464
Setup,214,2585
Setup,215,2774
Setup,216,2497
Setup,217,2549
Setup,218,2457
Setup,219,2395
Setup,220,2419
Setup,221,2543
Setup,222,2520
Setup,223,2511
Setup,224,2456
Setup,225,2454
Setup,226,2469
Setup,227,2814
Setup,228,2827
Setup,229,2570
Setup,230,2500
Setup,231,2459
Setup,232,2539
Setup,233,2448
Setup,234,2875
Setup,235,2743
Setup,236,2431
Setup,237,2479
Setup,238,2468
Setup,239,2459
Setup,240,2508
Setup,241,2771
Setup,242,2457
Setup,243,2370
Setup,244,2370
Setup,245,2363
Setup,246,2286
Setup,247,2392
Setup,248,2969
Setup,249,2315
Setup,250,2339
Setup,251,2352
Setup,252,2380
Setup,253,2550
Setup,254,2541
Setup,255,2580
Setup,256,2303
Setup,257,2363
Setup,258,2315
Setup,259,2372
Setup,260,2315
Setup,261,2435
Setup,262,2842
Setup,263,2376
Setup,264,2357
Setup,265,2378
Setup,266,2298
Setup,267,2299
Setup,268,2565
Setup,269,2771
Setup,270,2362
Setup,271,2586
Setup,272,2332
Setup,273,2342
Setup,274,2369
Setup,275,2715
Setup,276,2473
Setup,277,2326
Setup,278,2374
Setup,279,2310
Setup,280,2355
Setup,281,2390
Setup,282,2589
Setup,283,2501
Setup,284,2368
Setup,285,2462
Setup,286,2443
Setup,287,2458
Setup,288,4137
Setup,289,2508
Setup,290,2418
Setup,291,2488
Setup,292,2516
Setup,293,2480
Setup,294,3037
Setup,295,2618
Setup,296,2433
Setup,297,2420
Setup,298,2426
Setup,299,2496
Setup,300,2443
Setup,301,2597
Setup,302,2585
Setup,303,2560
Setup,304,2427
Setup,305,2448
Setup,306,2482
Setup,307,2417
Setup,308,2735
Setup,309,2553
Setup,310,2461
Setup,311,2459
Setup,312,2459
Setup,313,2348
Setup,314,2646
Setup,315,2520
Setup,316,2447
Setup,317,2457
Setup,318,2462
Setup,319,2506
Setup,320,2489
Setup,321,2824
Setup,322,2445
Setup,323,2499
Setup,324,2462
Setup,325,2494
Setup,326,2447
Setup,327,2625
Setup,328,2840
Setup,329,2531
Setup,330,2453
Setup,331,2456
Setup,332,2355
Setup,333,2479
Setup,334,2847
Setup,335,2557
Setup,336,2588
Setup,337,2415
Setup,338,2452
Setup,339,2426
Setup,340,2807
Setup,341,2945
Setup,342,2442
Setup,343,2351
Setup,344,2481
Setup,345,2451
Setup,346,2365
Setup,347,2876
Setup,348,2655
Setup,349,2547
Setup,350,2498
Setup,351,2463
Setup,352,2463
Setup,353,2757
Setup,354,2838
Setup,355,2543
Setup,356,2595
Setup,357,2409
Setup,358,2457
Setup,359,2289
Setup,360,2410
Setup,361,2426
Setup,362,2354
Setup,363,2366
Setup,364,2319
Setup,365,2377
Setup,366,2311
Setup,367,2452
Setup,368,2502
Setup,369,2465
Setup,370,2474
Setup,371,2500
Setup,372,2450
Setup,373,2538
Setup,374,2473
Setup,375,2560
Setup,376,2502
Setup,377,2483
Setup,378,2587
Setup,379,2525
Setup,380,2606
Setup,381,2758
Setup,382,2498
Setup,383,2531
Setup,384,2545
Setup,385,2466
Setup,386,2489
Setup,387,2844
Setup,388,2477
Setup,389,2455
Setup,390,2396
Setup,391,2456
Setup,392,2491
Setup,393,2624
Setup,394,2816
Setup,395,2523
Setup,396,2567
Setup,397,2442
Setup,398,2462
Setup,399,2525
Setup,400,3008
Setup,401,2572
Setup,402,2477
Setup,403,2519
Setup,404,2523
Setup,405,2430
Setup,406,2532
Setup,407,2777
Setup,408,2519
Setup,409,2455
Setup,410,3422
Setup,411,4320
Setup,412,2573
Setup,413,2644
Setup,414,2454
Setup,415,2412
Setup,416,2385
Setup,417,2465
Setup,418,2458
Setup,419,2523
Setup,420,2456
Setup,421,2499
Setup,422,2423
Setup,423,2479
Setup,424,2481
Setup,425,2521
Setup,426,2729
Setup,427,2560
Setup,428,2483
Setup,429,2477
Setup,430,2539
Setup,431,2590
Setup,432,2582
Setup,433,2488
Setup,434,2354
Setup,435,2385
Setup,436,2356
Setup,437,2395
Setup,438,2514
Setup,439,3089
Setup,440,2569
Setup,441,2480
Setup,442,2470
Setup,443,2526
Setup,444,2878
Setup,445,2524
Setup,446,2484
Setup,447,2474
Setup,448,2515
Setup,449,2517
Setup,450,2497
Setup,451,2513
Setup,452,2885
Setup,453,2468
Setup,454,2697
Setup,455,2311
Setup,456,2317
Setup,457,2446
Setup,458,2563
Setup,459,2476
Setup,460,2484
Setup,461,2487
Setup,462,2498
Setup,463,2465
Setup,464,2516
Setup,465,2774
Setup,466,2492
Setup,467,2373
Setup,468,2328
Setup,469,2369
Setup,470,2349
Setup,471,2443
Setup,472,2739
Setup,473,2496
Setup,474,2470
Setup,475,2805
Setup,476,2535
Setup,477,2479
Setup,478,2610
Setup,479,2776
Setup,480,2299
Setup,481,2323
Setup,482,2240
Setup,483,2318
Setup,484,2274
Setup,485,2514
Setup,486,2509
Setup,487,2410
Setup,488,2457
Setup,489,2472
Setup,490,2425
Setup,491,2456
Setup,492,2521
Setup,493,2857
Setup,494,2599
Setup,495,2323
Setup,496,2348
Setup,497,2354
Setup,498,2330
Setup,499,2458
Setup,500,2367
KeyGen,1,3364
KeyGen,2,3485
KeyGen,3,3788
KeyGen,4,3332
KeyGen,5,3202
KeyGen,6,3585
KeyGen,7,3338
KeyGen,8,3270
KeyGen,9,3443
KeyGen,10,3256
KeyGen,11,4026
KeyGen,12,3370
KeyGen,13,3272
KeyGen,14,3251
KeyGen,15,3272
KeyGen,16,3961
KeyGen,17,3309
KeyGen,18,3319
KeyGen,19,3297
KeyGen,20,3270
KeyGen,21,4029
KeyGen,22,3313
KeyGen,23,3350
KeyGen,24,3314
KeyGen,25,3618
KeyGen,26,3266
KeyGen,27,3287
KeyGen,28,3242
KeyGen,29,3305
KeyGen,30,3600
KeyGen,31,3784
KeyGen,32,3367
KeyGen,33,3398
KeyGen,34,3204
KeyGen,35,3487
KeyGen,36,3264
KeyGen,37,3180
KeyGen,38,3272
KeyGen,39,3268
KeyGen,40,3368
KeyGen,41,3673
KeyGen,42,3259
KeyGen,43,3303
KeyGen,44,3326
KeyGen,45,3333
KeyGen,46,3371
KeyGen,47,3258
KeyGen,48,3398
KeyGen,49,3438
KeyGen,50,3396
KeyGen,51,3477
KeyGen,52,3677
KeyGen,53,3410
KeyGen,54,3346
KeyGen,55,4053
KeyGen,56,3236
KeyGen,57,3293
KeyGen,58,3269
KeyGen,59,3280
KeyGen,60,3454
KeyGen,61,3598
KeyGen,62,3357
KeyGen,63,3300
KeyGen,64,3328
KeyGen,65,3492
KeyGen,66,3273
KeyGen,67,3410
KeyGen,68,3986
KeyGen,69,3809
KeyGen,70,3805
KeyGen,71,3292
KeyGen,72,3399
KeyGen,73,3420
KeyGen,74,3630
KeyGen,75,3405
KeyGen,76,3303
KeyGen,77,3273
KeyGen,78,3285
KeyGen,79,4122
KeyGen,80,3600
KeyGen,81,3226
KeyGen,82,3269
KeyGen,83,3290
KeyGen,84,3828
KeyGen,85,3249
KeyGen,86,3216
KeyGen,87,3275
KeyGen,88,3277
KeyGen,89,3732
KeyGen,90,3779
KeyGen,91,3242
KeyGen,92,3260
KeyGen,93,3343
KeyGen,94,3607
KeyGen,95,3275
KeyGen,96,3225
KeyGen,97,3192
KeyGen,98,3313
KeyGen,99,3957
KeyGen,100,3501
KeyGen,101,3459
KeyGen,102,3469
KeyGen,103,3522
KeyGen,104,3477
KeyGen,105,3315
KeyGen,106,3284
KeyGen,107,3219
KeyGen,108,3441
KeyGen,109,3823
KeyGen,110,3326
KeyGen,111,3310
KeyGen,112,3286
KeyGen,113,3527
KeyGen,114,3363
KeyGen,115,3328
KeyGen,116,3315
KeyGen,117,3217
KeyGen,118,3465
KeyGen,119,3417
KeyGen,120,3234
KeyGen,121,3298
KeyGen,122,3335
KeyGen,123,3355
KeyGen,124,3322
KeyGen,125,3214
KeyGen,126,3309
KeyGen,127,3275
KeyGen,128,3584
KeyGen,129,3323
KeyGen,130,3251
KeyGen,131,3308
KeyGen,132,3312
KeyGen,133,3427
KeyGen,134,3297
KeyGen,135,3282
KeyGen,136,3270
KeyGen,137,3359
KeyGen,138,3748
KeyGen,139,3448
KeyGen,140,3526
KeyGen,141,3630
KeyGen,142,3469
KeyGen,143,3598
KeyGen,144,3424
KeyGen,145,3352
KeyGen,146,3422
KeyGen,147,3315
KeyGen,148,3701
KeyGen,149,3820
KeyGen,150,3387
KeyGen,151,3325
KeyGen,152,3535
KeyGen,153,3352
KeyGen,154,3405
KeyGen,155,3231
KeyGen,156,3213
KeyGen,157,3566
KeyGen,158,3579
KeyGen,159,3294
KeyGen,160,3284
KeyGen,161,3220
KeyGen,162,3415
KeyGen,163,3401
KeyGen,164,3379
KeyGen,165,3354
KeyGen,166,3353
KeyGen,167,3827
KeyGen,168,3277
KeyGen,169,3281
KeyGen,170,3289
KeyGen,171,3368
KeyGen,172,3720
KeyGen,173,3479
KeyGen,174,3572
KeyGen,175,3551
KeyGen,176,3583
KeyGen,177,3750
KeyGen,178,3324
KeyGen,179,3526
KeyGen,180,3269
KeyGen,181,3873
KeyGen,182,3280
KeyGen,183,3169
KeyGen,184,3282
KeyGen,185,3198
KeyGen,186,3560
KeyGen,187,3903
KeyGen,188,3268
KeyGen,189,3231
KeyGen,190,3208
KeyGen,191,3407
KeyGen,192,3318
KeyGen,193,3275
KeyGen,194,3276
KeyGen,195,3270
KeyGen,196,3298
KeyGen,197,3431
KeyGen,198,3377
KeyGen,199,3270
KeyGen,200,3363
KeyGen,201,3364
KeyGen,202,3415
KeyGen,203,3247
KeyGen,204,3352
KeyGen,205,3360
KeyGen,206,3446
KeyGen,207,3584
KeyGen,208,3750
KeyGen,209,3297
KeyGen,210,3269
KeyGen,211,3468
KeyGen,212,3275
KeyGen,213,3341
KeyGen,214,3330
KeyGen,215,3201
KeyGen,216,3770
KeyGen,217,3689
KeyGen,218,3368
KeyGen,219,3433
KeyGen,220,3403
KeyGen,221,3337
KeyGen,222,3348
KeyGen,223,3301
KeyGen,224,3383
KeyGen,225,3369
KeyGen,226,3522
KeyGen,227,3529
KeyGen,228,3862
KeyGen,229,3237
KeyGen,230,3279
KeyGen,231,3422
KeyGen,232,3299
KeyGen,233,3382
KeyGen,234,3343
KeyGen,235,3666
KeyGen,236,3510
KeyGen,237,3512
KeyGen,238,3549
KeyGen,239,3362
KeyGen,240,3642
KeyGen,241,3280
KeyGen,242,3262
KeyGen,243,3252
KeyGen,244,3243
KeyGen,245,3472
KeyGen,246,3528
KeyGen,247,3559
KeyGen,248,3513
KeyGen,249,3231
KeyGen,250,3594
KeyGen,251,3281
KeyGen,252,3242
KeyGen,253,3369
KeyGen,254,3217
KeyGen,255,3985
KeyGen,256,3275
KeyGen,257,3271
KeyGen,258,3216
KeyGen,259,3259
KeyGen,260,3724
KeyGen,261,3269
KeyGen,262,3246
KeyGen,263,3296
KeyGen,264,3578
KeyGen,265,3609
KeyGen,266,3645
KeyGen,267,3344
KeyGen,268,3231
KeyGen,269,3527
KeyGen,270,3464
KeyGen,271,3280
KeyGen,272,3311
KeyGen,273,3348
KeyGen,274,3615
KeyGen,275,3903
KeyGen,276,3510
KeyGen,277,3271
KeyGen,278,3220
KeyGen,279,3481
KeyGen,280,3291
KeyGen,281,3300
KeyGen,282,3326
KeyGen,283,3414
KeyGen,284,3400
KeyGen,285,3463
KeyGen,286,3577
KeyGen,287,3324
KeyGen,288,3249
KeyGen,289,3486
KeyGen,290,3453
KeyGen,291,3411
KeyGen,292,3359
KeyGen,293,3363
KeyGen,294,4060
KeyGen,295,3650
KeyGen,296,3557
KeyGen,297,3366
KeyGen,298,3297
KeyGen,299,3464
KeyGen,300,3291
KeyGen,301,3411
KeyGen,302,3389
KeyGen,303,3658
KeyGen,304,3472
KeyGen,305,3901
KeyGen,306,3384
KeyGen,307,3312
KeyGen,308,3426
KeyGen,309,3293
KeyGen,310,3251
KeyGen,311,3250
KeyGen,312,3404
KeyGen,313,3807
KeyGen,314,3499
KeyGen,315,3605
KeyGen,316,3271
KeyGen,317,3412
KeyGen,318,3557
KeyGen,319,3248
KeyGen,320,3219
KeyGen,321,3280
KeyGen,322,3218
KeyGen,323,3836
KeyGen,324,3543
KeyGen,325,3606
KeyGen,326,3415
KeyGen,327,3394
KeyGen,328,4454
KeyGen,329,3479
KeyGen,330,3516
KeyGen,331,3392
KeyGen,332,3641
KeyGen,333,3398
KeyGen,334,3248
KeyGen,335,3300
KeyGen,336,3338
KeyGen,337,3396
KeyGen,338,3201
KeyGen,339,3320
KeyGen,340,3416
KeyGen,341,3358
KeyGen,342,3931
KeyGen,343,3304
KeyGen,344,3210
KeyGen,345,3258
KeyGen,346,3265
KeyGen,347,3484
KeyGen,348,3295
KeyGen,349,3280
KeyGen,350,3235
KeyGen,351,3272
KeyGen,352,3354
KeyGen,353,3426
KeyGen,354,3247
KeyGen,355,3282
KeyGen,356,3429
KeyGen,357,3502
KeyGen,358,3294
KeyGen,359,3345
KeyGen,360,3270
KeyGen,361,3320
KeyGen,362,3472
KeyGen,363,3336
KeyGen,364,3381
KeyGen,365,3373
KeyGen,366,3334
KeyGen,367,3442
KeyGen,368,3334
KeyGen,369,3277
KeyGen,370,3385
KeyGen,371,3386
KeyGen,372,3541
KeyGen,373,3684
KeyGen,374,3266
KeyGen,375,3301
KeyGen,376,3348
KeyGen,377,3430
KeyGen,378,3200
KeyGen,379,3316
KeyGen,380,3301
KeyGen,381,3570
KeyGen,382,3554
KeyGen,383,3490
KeyGen,384,3460
KeyGen,385,3195
KeyGen,386,3283
KeyGen,387,3723
KeyGen,388,3398
KeyGen,389,4213
KeyGen,390,3322
KeyGen,391,4681
KeyGen,392,3307
KeyGen,393,3388
KeyGen,394,3285
KeyGen,395,3172
KeyGen,396,3739
KeyGen,397,3312
KeyGen,398,3299
KeyGen,399,3341
KeyGen,400,3243
KeyGen,401,3798
KeyGen,402,3311
KeyGen,403,3288
KeyGen,404,3386
KeyGen,405,3264
KeyGen,406,3339
KeyGen,407,3385
KeyGen,408,3354
KeyGen,409,3337
KeyGen,410,3308
KeyGen,411,3755
KeyGen,412,3296
KeyGen,413,3261
KeyGen,414,3285
KeyGen,415,3317
KeyGen,416,3342
KeyGen,417,3185
KeyGen,418,3377
KeyGen,419,3284
KeyGen,420,3328
KeyGen,421,3697
KeyGen,422,3319
KeyGen,423,3351
KeyGen,424,3275
KeyGen,425,3276
KeyGen,426,3486
KeyGen,427,3293
KeyGen,428,3226
KeyGen,429,3307
KeyGen,430,3310
KeyGen,431,3622
KeyGen,432,3440
KeyGen,433,3755
KeyGen,434,3260
KeyGen,435,3701
KeyGen,436,3358
KeyGen,437,3274
KeyGen,438,3622
KeyGen,439,3703
KeyGen,440,3979
KeyGen,441,3323
KeyGen,442,3274
KeyGen,443,3356
KeyGen,444,3277
KeyGen,445,3663
KeyGen,446,3334
KeyGen,447,3326
KeyGen,448,3280
KeyGen,449,3388
KeyGen,450,3830
KeyGen,451,3288
KeyGen,452,3244
KeyGen,453,3280
KeyGen,454,3351
KeyGen,455,4578
KeyGen,456,3267
KeyGen,457,3378
KeyGen,458,3323
KeyGen,459,3287
KeyGen,460,3639
KeyGen,461,3280
KeyGen,462,3252
KeyGen,463,3244
KeyGen,464,3263
KeyGen,465,3290
KeyGen,466,3195
KeyGen,467,3313
KeyGen,468,3261
KeyGen,469,3386
KeyGen,470,3622
KeyGen,471,3244
KeyGen,472,3267
KeyGen,473,3404
KeyGen,474,3453
KeyGen,475,3446
KeyGen,476,3373
KeyGen,477,3513
KeyGen,478,3445
KeyGen,479,3589
KeyGen,480,3661
KeyGen,481,3506
KeyGen,482,3489
KeyGen,483,3554
KeyGen,484,3831
KeyGen,485,3417
KeyGen,486,3221
KeyGen,487,3248
KeyGen,488,3392
KeyGen,489,3672
KeyGen,490,3341
KeyGen,491,3354
KeyGen,492,3327
KeyGen,493,3308
KeyGen,494,3411
KeyGen,495,3396
KeyGen,496,3366
KeyGen,497,3283
KeyGen,498,3263
KeyGen,499,3758
KeyGen,500,3572
Delegate,1,3899
Delegate,2,4057
Delegate,3,3869
Delegate,4,3920
Delegate,5,3863
Delegate,6,4269
Delegate,7,4272
Delegate,8,3801
Delegate,9,3854
Delegate,10,4206
Delegate,11,3915
Delegate,12,3801
Delegate,13,3898
Delegate,14,3860
Delegate,15,4067
Delegate,16,4380
Delegate,17,3907
Delegate,18,3907
Delegate,19,3906
Delegate,20,3790
Delegate,21,3890
Delegate,22,3819
Delegate,23,4392
Delegate,24,4514
Delegate,25,3847
Delegate,26,3770
Delegate,27,4109
Delegate,28,3887
Delegate,29,3824
Delegate,30,3931
Delegate,31,4090
Delegate,32,4057
Delegate,33,4082
Delegate,34,3855
Delegate,35,4395
Delegate,36,4177
Delegate,37,4624
Delegate,38,3824
Delegate,39,4768
Delegate,40,4040
Delegate,41,4335
Delegate,42,3812
Delegate,43,3926
Delegate,44,4022
Delegate,45,3986
Delegate,46,3894
Delegate,47,4155
Delegate,48,4148
Delegate,49,3928
Delegate,50,3972
Delegate,51,4201
Delegate,52,4023
Delegate,53,3885
Delegate,54,3866
Delegate,55,5003
Delegate,56,4359
Delegate,57,4267
Delegate,58,3833
Delegate,59,3898
Delegate,60,3934
Delegate,61,3875
Delegate,62,3861
Delegate,63,3888
Delegate,64,4590
Delegate,65,3788
Delegate,66,3798
Delegate,67,3930
Delegate,68,3869
Delegate,69,4015
Delegate,70,3975
Delegate,71,3910
Delegate,72,4226
Delegate,73,3836
Delegate,74,3862
Delegate,75,3801
Delegate,76,4171
Delegate,77,3836
Delegate,78,3957
Delegate,79,3823
Delegate,80,3921
Delegate,81,4083
Delegate,82,3893
Delegate,83,3752
Delegate,84,3826
Delegate,85,4006
Delegate,86,3849
Delegate,87,3789
Delegate,88,3807
Delegate,89,4424
Delegate,90,3959
Delegate,91,3881
Delegate,92,3918
Delegate,93,4045
Delegate,94,3822
Delegate,95,3864
Delegate,96,4018
Delegate,97,3897
Delegate,98,4445
Delegate,99,4277
Delegate,100,4286
Delegate,101,4048
Delegate,102,3871
Delegate,103,3889
Delegate,104,3813
Delegate,105,3866
Delegate,106,4630
Delegate,107,3858
Delegate,108,3778
Delegate,109,3959
Delegate,110,4064
Delegate,111,4039
Delegate,112,3922
Delegate,113,3917
Delegate,114,4050
Delegate,115,4091
Delegate,116,4083
Delegate,117,3831
Delegate,118,3955
Delegate,119,3977
Delegate,120,3943
Delegate,121,3915
Delegate,122,4270
Delegate,123,4248
Delegate,124,3811
Delegate,125,3839
Delegate,126,4020
Delegate,127,3908
Delegate,128,3847
Delegate,129,3827
Delegate,130,4290
Delegate,131,4974
Delegate,132,5247
Delegate,133,3934
Delegate,134,4026
Delegate,135,4082
Delegate,136,3773
Delegate,137,3890
Delegate,138,3856
Delegate,139,4414
Delegate,140,4001
Delegate,141,3957
Delegate,142,3777
Delegate,143,4187
Delegate,144,3861
Delegate,145,3754
Delegate,146,3770
Delegate,147,4078
Delegate,148,3815
Delegate,149,3924
Delegate,150,3842
Delegate,151,4106
Delegate,152,4217
Delegate,153,4256
Delegate,154,3837
Delegate,155,3904
Delegate,156,4955
Delegate,157,4034
Delegate,158,3916
Delegate,159,3975
Delegate,160,4279
Delegate,161,3815
Delegate,162,3997
Delegate,163,4009
Delegate,164,4048
Delegate,165,3920
Delegate,166,4242
Delegate,167,4207
Delegate,168,3995
Delegate,169,3942
Delegate,170,3794
Delegate,171,3812
Delegate,172,4369
Delegate,173,3889
Delegate,174,3860
Delegate,175,3850
Delegate,176,4496
Delegate,177,4003
Delegate,178,3863
Delegate,179,3913
Delegate,180,4719
Delegate,181,3781
Delegate,182,3758
Delegate,183,3714
Delegate,184,4392
Delegate,185,4155
Delegate,186,4107
Delegate,187,4014
Delegate,188,4801
Delegate,189,4395
Delegate,190,3807
Delegate,191,3906
Delegate,192,4091
Delegate,193,4156
Delegate,194,3732
Delegate,195,3827
Delegate,196,3977
Delegate,197,4170
Delegate,198,3857
Delegate,199,3816
Delegate,200,3876
Delegate,201,4317
Delegate,202,3910
Delegate,203,3835
Delegate,204,3961
Delegate,205,4078
Delegate,206,4222
Delegate,207,3862
Delegate,208,3820
Delegate,209,4158
Delegate,210,4274
Delegate,211,3774
Delegate,212,3819
Delegate,213,5191
Delegate,214,3996
Delegate,215,3936
Delegate,216,3804
Delegate,217,4060
Delegate,218,3924
Delegate,219,3778
Delegate,220,3838
Delegate,221,4346
Delegate,222,4174
Delegate,223,3681
Delegate,224,3880
Delegate,225,4275
Delegate,226,4316
Delegate,227,3872
Delegate,228,3893
Delegate,229,3950
Delegate,230,4405
Delegate,231,3900
Delegate,232,3897
Delegate,233,3935
Delegate,234,4025
Delegate,235,3937
Delegate,236,4049
Delegate,237,3891
Delegate,238,4272
Delegate,239,3846
Delegate,240,3863
Delegate,241,3868
Delegate,242,4486
Delegate,243,4712
Delegate,244,3838
Delegate,245,3807
Delegate,246,3983
Delegate,247,4290
Delegate,248,4101
Delegate,249,3891
Delegate,250,4535
Delegate,251,3898
Delegate,252,3928
Delegate,253,3901
Delegate,254,4555
Delegate,255,4024
Delegate,256,4086
Delegate,257,3887
Delegate,258,4011
Delegate,259,3894
Delegate,260,3962
Delegate,261,3950
Delegate,262,4204
Delegate,263,4086
Delegate,264,4100
Delegate,265,3894
Delegate,266,4089
Delegate,267,4399
Delegate,268,4012
Delegate,269,3913
Delegate,270,3959
Delegate,271,4131
Delegate,272,4457
Delegate,273,3815
Delegate,274,3953
Delegate,275,3961
Delegate,276,3826
Delegate,277,3839
Delegate,278,3955
Delegate,279,4296
Delegate,280,4008
Delegate,281,4001
Delegate,282,3824
Delegate,283,4542
Delegate,284,4094
Delegate,285,3877
Delegate,286,3980
Delegate,287,4858
Delegate,288,4115
Delegate,289,3884
Delegate,290,3804
Delegate,291,4644
Delegate,292,3904
Delegate,293,3841
Delegate,294,3877
Delegate,295,4212
Delegate,296,3836
Delegate,297,3948
Delegate,298,3988
Delegate,299,4024
Delegate,300,4502
Delegate,301,3856
Delegate,302,3859
Delegate,303,3855
Delegate,304,4020
Delegate,305,3724
Delegate,306,3883
Delegate,307,3750
Delegate,308,4236
Delegate,309,3825
Delegate,310,3844
Delegate,311,3919
Delegate,312,4175
Delegate,313,3913
Delegate,314,3966
Delegate,315,3776
Delegate,316,3925
Delegate,317,3902
Delegate,318,3896
Delegate,319,4059
Delegate,320,4187
Delegate,321,4031
Delegate,322,3896
Delegate,323,4020
Delegate,324,4052
Delegate,325,4249
Delegate,326,4056
Delegate,327,4358
Delegate,328,3895
Delegate,329,4732
Delegate,330,3747
Delegate,331,3739
Delegate,332,3816
Delegate,333,5048
Delegate,334,4249
Delegate,335,3803
Delegate,336,3886
Delegate,337,4253
Delegate,338,3793
Delegate,339,3867
Delegate,340,3865
Delegate,341,4388
Delegate,342,3936
Delegate,343,3873
Delegate,344,3868
Delegate,345,4101
Delegate,346,3908
Delegate,347,3837
Delegate,348,3929
Delegate,349,3964
Delegate,350,4241
Delegate,351,3940
Delegate,352,3962
Delegate,353,3933
Delegate,354,4121
Delegate,355,3817
Delegate,356,4008
Delegate,357,3827
Delegate,358,4072
Delegate,359,3960
Delegate,360,3936
Delegate,361,3894
Delegate,362,4091
Delegate,363,3872
Delegate,364,4038
Delegate,365,4075
Delegate,366,4018
Delegate,367,3930
Delegate,368,4061
Delegate,369,4028
Delegate,370,4051
Delegate,371,4080
Delegate,372,4012
Delegate,373,3994
Delegate,374,4080
Delegate,375,4067
Delegate,376,3958
Delegate,377,3935
Delegate,378,4235
Delegate,379,4693
Delegate,380,4058
Delegate,381,4098
Delegate,382,5278
Delegate,383,4008
Delegate,384,3995
Delegate,385,4062
Delegate,386,3989
Delegate,387,4425
Delegate,388,4004
Delegate,389,3849
Delegate,390,3861
Delegate,391,3715
Delegate,392,3932
Delegate,393,4138
Delegate,394,4381
Delegate,395,4164
Delegate,396,3807
Delegate,397,3821
Delegate,398,3839
Delegate,399,4114
Delegate,400,3852
Delegate,401,3866
Delegate,402,3750
Delegate,403,4667
Delegate,404,4138
Delegate,405,3872
Delegate,406,3772
Delegate,407,3869
Delegate,408,3855
Delegate,409,3904
Delegate,410,3952
Delegate,411,4382
Delegate,412,3979
Delegate,413,4034
Delegate,414,4136
Delegate,415,4285
Delegate,416,3901
Delegate,417,3784
Delegate,418,3983
Delegate,419,4086
Delegate,420,4322
Delegate,421,3839
Delegate,422,3868
Delegate,423,3867
Delegate,424,4162
Delegate,425,3826
Delegate,426,3778
Delegate,427,4052
Delegate,428,4228
Delegate,429,3998
Delegate,430,3952
Delegate,431,3974
Delegate,432,4519
Delegate,433,3911
Delegate,434,3973
Delegate,435,4030
Delegate,436,4445
Delegate,437,3935
Delegate,438,4046
Delegate,439,4099
Delegate,440,4407
Delegate,441,3836
Delegate,442,3885
Delegate,443,3789
Delegate,444,3943
Delegate,445,4171
Delegate,446,3811
Delegate,447,3836
Delegate,448,3835
Delegate,449,3778
Delegate,450,3869
Delegate,451,3890
Delegate,452,3848
Delegate,453,4079
Delegate,454,4258
Delegate,455,3868
Delegate,456,3807
Delegate,457,3985
Delegate,458,3843
Delegate,459,3817
Delegate,460,3984
Delegate,461,3895
Delegate,462,4123
Delegate,463,4124
Delegate,464,3842
Delegate,465,4209
Delegate,466,3846
Delegate,467,4014
Delegate,468,3974
Delegate,469,4127
Delegate,470,4118
Delegate,471,4053
Delegate,472,4141
Delegate,473,3895
Delegate,474,4149
Delegate,475,4080
Delegate,476,4003
Delegate,477,4310
Delegate,478,4449
Delegate,479,3943
Delegate,480,3891
Delegate,481,3859
Delegate,482,4050
Delegate,483,3952
Delegate,484,3808
Delegate,485,4054
Delegate,486,4006
Delegate,487,4178
Delegate,488,5201
Delegate,489,3923
Delegate,490,4085
Delegate,491,4680
Delegate,492,4076
Delegate,493,3934
Delegate,494,4040
Delegate,495,3837
Delegate,496,4006
Delegate,497,3953
Delegate,498,4284
Delegate,499,3911
Delegate,500,3854
TM_Delegate,1,196
TM_Delegate,2,211
TM_Delegate,3,210
TM_Delegate,4,196
TM_Delegate,5,201
TM_Delegate,6,197
TM_Delegate,7,197
TM_Delegate,8,196
TM_Delegate,9,196
TM_Delegate,10,195
TM_Delegate,11,197
TM_Delegate,12,203
TM_Delegate,13,201
TM_Delegate,14,246
TM_Delegate,15,227
TM_Delegate,16,217
TM_Delegate,17,214
TM_Delegate,18,203
TM_Delegate,19,200
TM_Delegate,20,201
TM_Delegate,21,215
TM_Delegate,22,212
TM_Delegate,23,201
TM_Delegate,24,200
TM_Delegate,25,200
TM_Delegate,26,199
TM_Delegate,27,201
TM_Delegate,28,201
TM_Delegate,29,214
TM_Delegate,30,203
TM_Delegate,31,206
TM_Delegate,32,206
TM_Delegate,33,208
TM_Delegate,34,207
TM_Delegate,35,208
TM_Delegate,36,207
TM_Delegate,37,216
TM_Delegate,38,214
TM_Delegate,39,213
TM_Delegate,40,223
TM_Delegate,41,214
TM_Delegate,42,209
TM_Delegate,43,208
TM_Delegate,44,208
TM_Delegate,45,208
TM_Delegate,46,208
TM_Delegate,47,220
TM_Delegate,48,212
TM_Delegate,49,209
TM_Delegate,50,208
TM_Delegate,51,207
TM_Delegate,52,203
TM_Delegate,53,203
TM_Delegate,54,224
TM_Delegate,55,225
TM_Delegate,56,207
TM_Delegate,57,207
TM_Delegate,58,205
TM_Delegate,59,205
TM_Delegate,60,208
TM_Delegate,61,205
TM_Delegate,62,207
TM_Delegate,63,212
TM_Delegate,64,209
TM_Delegate,65,207
TM_Delegate,66,208
TM_Delegate,67,205
TM_Delegate,68,205
TM_Delegate,69,204
TM_Delegate,70,204
TM_Delegate,71,248
TM_Delegate,72,221
TM_Delegate,73,211
TM_Delegate,74,260
TM_Delegate,75,233
TM_Delegate,76,227
TM_Delegate,77,217
TM_Delegate,78,238
TM_Delegate,79,329
TM_Delegate,80,233
TM_Delegate,81,207
TM_Delegate,82,204
TM_Delegate,83,205
TM_Delegate,84,201
TM_Delegate,85,200
TM_Delegate,86,199
TM_Delegate,87,198
TM_Delegate,88,201
TM_Delegate,89,207
TM_Delegate,90,203
TM_Delegate,91,200
TM_Delegate,92,199
TM_Delegate,93,198
TM_Delegate,94,198
TM_Delegate,95,197
TM_Delegate,96,197
TM_Delegate,97,199
TM_Delegate,98,250
TM_Delegate,99,215
TM_Delegate,100,207
TM_Delegate,101,207
TM_Delegate,102,212
TM_Delegate,103,203
TM_Delegate,104,198
TM_Delegate,105,199
TM_Delegate,106,198
TM_Delegate,107,198
TM_Delegate,108,206
TM_Delegate,109,197
TM_Delegate,110,204
TM_Delegate,111,200
TM_Delegate,112,200
TM_Delegate,113,199
TM_Delegate,114,198
TM_Delegate,115,200
TM_Delegate,116,199
TM_Delegate,117,202
TM_Delegate,118,220
TM_Delegate,119,206
TM_Delegate,120,196
TM_Delegate,121,197
TM_Delegate,122,197
TM_Delegate,123,196
TM_Delegate,124,196
TM_Delegate,125,195
TM_Delegate,126,203
TM_Delegate,127,198
TM_Delegate,128,199
TM_Delegate,129,197
TM_Delegate,130,197
TM_Delegate,131,196
TM_Delegate,132,196
TM_Delegate,133,196
TM_Delegate,134,196
TM_Delegate,135,203
TM_Delegate,136,197
TM_Delegate,137,200
TM_Delegate,138,197
TM_Delegate,139,197
TM_Delegate,140,196
TM_Delegate,141,205
TM_Delegate,142,197
TM_Delegate,143,197
TM_Delegate,144,208
TM_Delegate,145,198
TM_Delegate,146,197
TM_Delegate,147,196
TM_Delegate,148,208
TM_Delegate,149,214
TM_Delegate,150,212
TM_Delegate,151,212
TM_Delegate,152,255
TM_Delegate,153,221
TM_Delegate,154,211
TM_Delegate,155,211
TM_Delegate,156,208
TM_Delegate,157,228
TM_Delegate,158,245
TM_Delegate,159,210
TM_Delegate,160,208
TM_Delegate,161,208
TM_Delegate,162,209
TM_Delegate,163,218
TM_Delegate,164,198
TM_Delegate,165,199
TM_Delegate,166,198
TM_Delegate,167,198
TM_Delegate,168,197
TM_Delegate,169,198
TM_Delegate,170,200
TM_Delegate,171,206
TM_Delegate,172,207
TM_Delegate,173,204
TM_Delegate,174,198
TM_Delegate,175,197
TM_Delegate,176,201
TM_Delegate,177,198
TM_Delegate,178,198
TM_Delegate,179,197
TM_Delegate,180,197
TM_Delegate,181,199
TM_Delegate,182,205
TM_Delegate,183,203
TM_Delegate,184,202
TM_Delegate,185,203
TM_Delegate,186,200
TM_Delegate,187,198
TM_Delegate,188,197
TM_Delegate,189,197
TM_Delegate,190,199
TM_Delegate,191,204
TM_Delegate,192,221
TM_Delegate,193,199
TM_Delegate,194,196
TM_Delegate,195,196
TM_Delegate,196,201
TM_Delegate,197,199
TM_Delegate,198,198
TM_Delegate,199,205
TM_Delegate,200,200
TM_Delegate,201,205
TM_Delegate,202,198
TM_Delegate,203,196
TM_Delegate,204,196
TM_Delegate,205,195
TM_Delegate,206,195
TM_Delegate,207,197
TM_Delegate,208,197
TM_Delegate,209,196
TM_Delegate,210,209
TM_Delegate,211,202
TM_Delegate,212,202
TM_Delegate,213,201
TM_Delegate,214,200
TM_Delegate,215,200
TM_Delegate,216,203
TM_Delegate,217,201
TM_Delegate,218,209
TM_Delegate,219,206
TM_Delegate,220,201
TM_Delegate,221,200
TM_Delegate,222,200
TM_Delegate,223,201
TM_Delegate,224,201
TM_Delegate,225,200
TM_Delegate,226,235
TM_Delegate,227,258
TM_Delegate,228,219
TM_Delegate,229,213
TM_Delegate,230,207
TM_Delegate,231,209
TM_Delegate,232,209
TM_Delegate,233,208
TM_Delegate,234,216
TM_Delegate,235,230
TM_Delegate,236,229
TM_Delegate,237,214
TM_Delegate,238,211
TM_Delegate,239,214
TM_Delegate,240,214
TM_Delegate,241,206
TM_Delegate,242,216
TM_Delegate,243,200
TM_Delegate,244,200
TM_Delegate,245,199
TM_Delegate,246,199
TM_Delegate,247,198
TM_Delegate,248,197
TM_Delegate,249,197
TM_Delegate,250,197
TM_Delegate,251,204
TM_Delegate,252,204
TM_Delegate,253,200
TM_Delegate,254,208
TM_Delegate,255,199
TM_Delegate,256,197
TM_Delegate,257,197
TM_Delegate,258,196
TM_Delegate,259,196
TM_Delegate,260,198
TM_Delegate,261,197
TM_Delegate,262,205
TM_Delegate,263,199
TM_Delegate,264,196
TM_Delegate,265,196
TM_Delegate,266,198
TM_Delegate,267,198
TM_Delegate,268,199
TM_Delegate,269,198
TM_Delegate,270,197
TM_Delegate,271,204
TM_Delegate,272,198
TM_Delegate,273,198
TM_Delegate,274,201
TM_Delegate,275,197
TM_Delegate,276,196
TM_Delegate,277,197
TM_Delegate,278,198
TM_Delegate,279,197
TM_Delegate,280,208
TM_Delegate,281,200
TM_Delegate,282,206
TM_Delegate,283,199
TM_Delegate,284,197
TM_Delegate,285,196
TM_Delegate,286,198
TM_Delegate,287,197
TM_Delegate,288,197
TM_Delegate,289,196
TM_Delegate,290,206
TM_Delegate,291,197
TM_Delegate,292,198
TM_Delegate,293,197
TM_Delegate,294,200
TM_Delegate,295,199
TM_Delegate,296,201
TM_Delegate,297,214
TM_Delegate,298,223
TM_Delegate,299,205
TM_Delegate,300,202
TM_Delegate,301,201
TM_Delegate,302,198
TM_Delegate,303,196
TM_Delegate,304,197
TM_Delegate,305,197
TM_Delegate,306,199
TM_Delegate,307,207
TM_Delegate,308,201
TM_Delegate,309,200
TM_Delegate,310,197
TM_Delegate,311,196
TM_Delegate,312,195
TM_Delegate,313,197
TM_Delegate,314,252
TM_Delegate,315,303
TM_Delegate,316,248
TM_Delegate,317,216
TM_Delegate,318,218
TM_Delegate,319,203
TM_Delegate,320,201
TM_Delegate,321,200
TM_Delegate,322,198
TM_Delegate,323,200
TM_Delegate,324,200
TM_Delegate,325,199
TM_Delegate,326,210
TM_Delegate,327,207
TM_Delegate,328,201
TM_Delegate,329,196
TM_Delegate,330,196
TM_Delegate,331,195
TM_Delegate,332,198
TM_Delegate,333,206
TM_Delegate,334,211
TM_Delegate,335,204
TM_Delegate,336,201
TM_Delegate,337,202
TM_Delegate,338,201
TM_Delegate,339,201
TM_Delegate,340,203
TM_Delegate,341,202
TM_Delegate,342,211
TM_Delegate,343,205
TM_Delegate,344,210
TM_Delegate,345,203
TM_Delegate,346,200
TM_Delegate,347,199
TM_Delegate,348,201
TM_Delegate,349,201
TM_Delegate,350,199
TM_Delegate,351,205
TM_Delegate,352,208
TM_Delegate,353,205
TM_Delegate,354,214
TM_Delegate,355,207
TM_Delegate,356,207
TM_Delegate,357,205
TM_Delegate,358,205
TM_Delegate,359,205
TM_Delegate,360,206
TM_Delegate,361,205
TM_Delegate,362,204
TM_Delegate,363,205
TM_Delegate,364,214
TM_Delegate,365,206
TM_Delegate,366,207
TM_Delegate,367,206
TM_Delegate,368,207
TM_Delegate,369,206
TM_Delegate,370,212
TM_Delegate,371,206
TM_Delegate,372,217
TM_Delegate,373,207
TM_Delegate,374,205
TM_Delegate,375,205
TM_Delegate,376,204
TM_Delegate,377,205
TM_Delegate,378,204
TM_Delegate,379,205
TM_Delegate,380,204
TM_Delegate,381,216
TM_Delegate,382,205
TM_Delegate,383,207
TM_Delegate,384,205
TM_Delegate,385,204
TM_Delegate,386,205
TM_Delegate,387,206
TM_Delegate,388,205
TM_Delegate,389,217
TM_Delegate,390,212
TM_Delegate,391,240
TM_Delegate,392,207
TM_Delegate,393,204
TM_Delegate,394,206
TM_Delegate,395,208
TM_Delegate,396,211
TM_Delegate,397,269
TM_Delegate,398,225
TM_Delegate,399,224
TM_Delegate,400,213
TM_Delegate,401,210
TM_Delegate,402,209
TM_Delegate,403,209
TM_Delegate,404,209
TM_Delegate,405,211
TM_Delegate,406,210
TM_Delegate,407,217
TM_Delegate,408,211
TM_Delegate,409,314
TM_Delegate,410,322
TM_Delegate,411,209
TM_Delegate,412,205
TM_Delegate,413,198
TM_Delegate,414,199
TM_Delegate,415,198
TM_Delegate,416,199
TM_Delegate,417,198
TM_Delegate,418,204
TM_Delegate,419,199
TM_Delegate,420,197
TM_Delegate,421,195
TM_Delegate,422,199
TM_Delegate,423,203
TM_Delegate,424,198
TM_Delegate,425,198
TM_Delegate,426,197
TM_Delegate,427,208
TM_Delegate,428,205
TM_Delegate,429,200
TM_Delegate,430,204
TM_Delegate,431,205
TM_Delegate,432,207
TM_Delegate,433,206
TM_Delegate,434,205
TM_Delegate,435,205
TM_Delegate,436,214
TM_Delegate,437,206
TM_Delegate,438,209
TM_Delegate,439,209
TM_Delegate,440,208
TM_Delegate,441,210
TM_Delegate,442,209
TM_Delegate,443,210
TM_Delegate,444,219
TM_Delegate,445,248
TM_Delegate,446,221
TM_Delegate,447,217
TM_Delegate,448,212
TM_Delegate,449,219
TM_Delegate,450,211
TM_Delegate,451,214
TM_Delegate,452,222
TM_Delegate,453,213
TM_Delegate,454,213
TM_Delegate,455,211
TM_Delegate,456,210
TM_Delegate,457,212
TM_Delegate,458,211
TM_Delegate,459,210
TM_Delegate,460,211
TM_Delegate,461,220
TM_Delegate,462,212
TM_Delegate,463,209
TM_Delegate,464,209
TM_Delegate,465,211
TM_Delegate,466,210
TM_Delegate,467,205
TM_Delegate,468,205
TM_Delegate,469,207
TM_Delegate,470,206
TM_Delegate,471,209
TM_Delegate,472,217
TM_Delegate,473,217
TM_Delegate,474,213
TM_Delegate,475,229
TM_Delegate,476,220
TM_Delegate,477,241
TM_Delegate,478,210
TM_Delegate,479,208
TM_Delegate,480,216
TM_Delegate,481,208
TM_Delegate,482,207
TM_Delegate,483,206
TM_Delegate,484,212
TM_Delegate,485,238
TM_Delegate,486,207
TM_Delegate,487,202
TM_Delegate,488,202
TM_Delegate,489,214
TM_Delegate,490,204
TM_Delegate,491,204
TM_Delegate,492,202
TM_Delegate,493,202
TM_Delegate,494,205
TM_Delegate,495,201
TM_Delegate,496,201
TM_Delegate,497,200
TM_Delegate,498,202
TM_Delegate,499,211
TM_Delegate,500,203
Encrypt,1,4420
Encrypt,2,3686
Encrypt,3,3850
Encrypt,4,3827
Encrypt,5,3839
Encrypt,6,4928
Encrypt,7,3763
Encrypt,8,3650
Encrypt,9,3922
Encrypt,10,3872
Encrypt,11,3718
Encrypt,12,3530
Encrypt,13,3663
Encrypt,14,3752
Encrypt,15,3764
Encrypt,16,3782
Encrypt,17,3809
Encrypt,18,4040
Encrypt,19,3871
Encrypt,20,3707
Encrypt,21,3816
Encrypt,22,3755
Encrypt,23,3811
Encrypt,24,3844
Encrypt,25,3801
Encrypt,26,3761
Encrypt,27,3877
Encrypt,28,3800
Encrypt,29,3729
Encrypt,30,3763
Encrypt,31,3869
Encrypt,32,3878
Encrypt,33,3708
Encrypt,34,3786
Encrypt,35,3779
Encrypt,36,4307
Encrypt,37,3679
Encrypt,38,3816
Encrypt,39,3881
Encrypt,40,3916
Encrypt,41,3709
Encrypt,42,3856
Encrypt,43,3688
Encrypt,44,3966
Encrypt,45,4212
Encrypt,46,3911
Encrypt,47,3790
Encrypt,48,3677
Encrypt,49,3806
Encrypt,50,3722
Encrypt,51,3606
Encrypt,52,3714
Encrypt,53,4214
Encrypt,54,3879
Encrypt,55,3847
Encrypt,56,4175
Encrypt,57,3867
Encrypt,58,3605
Encrypt,59,3689
Encrypt,60,3670
Encrypt,61,3895
Encrypt,62,4168
Encrypt,63,3646
Encrypt,64,3580
Encrypt,65,3639
Encrypt,66,4062
Encrypt,67,3718
Encrypt,68,3608
Encrypt,69,3697
Encrypt,70,3662
Encrypt,71,3928
Encrypt,72,3794
Encrypt,73,3664
Encrypt,74,3621
Encrypt,75,4002
Encrypt,76,3614
Encrypt,77,3556
Encrypt,78,3686
Encrypt,79,3642
Encrypt,80,4137
Encrypt,81,3668
Encrypt,82,3580
Encrypt,83,3644
Encrypt,84,3643
Encrypt,85,3578
Encrypt,86,3803
Encrypt,87,3832
Encrypt,88,3794
Encrypt,89,3986
Encrypt,90,3686
Encrypt,91,3735
Encrypt,92,3751
Encrypt,93,3778
Encrypt,94,3700
Encrypt,95,3803
Encrypt,96,3790
Encrypt,97,3826
Encrypt,98,3934
Encrypt,99,3812
Encrypt,100,3793
Encrypt,101,4078
Encrypt,102,3661
Encrypt,103,3637
Encrypt,104,3937
Encrypt,105,3824
Encrypt,106,4169
Encrypt,107,3769
Encrypt,108,3788
Encrypt,109,4112
Encrypt,110,3950
Encrypt,111,3777
Encrypt,112,3773
Encrypt,113,3837
Encrypt,114,4035
Encrypt,115,3845
Encrypt,116,3596
Encrypt,117,3671
Encrypt,118,3814
Encrypt,119,4057
Encrypt,120,3671
Encrypt,121,3753
Encrypt,122,3638
Encrypt,123,4249
Encrypt,124,3601
Encrypt,125,3623
Encrypt,126,3755
Encrypt,127,4033
Encrypt,128,4196
Encrypt,129,3811
Encrypt,130,3949
Encrypt,131,3763
Encrypt,132,3950
Encrypt,133,3932
Encrypt,134,3801
Encrypt,135,3883
Encrypt,136,3987
Encrypt,137,4056
Encrypt,138,3889
Encrypt,139,3782
Encrypt,140,3808
Encrypt,141,4166
Encrypt,142,3630
Encrypt,143,3654
Encrypt,144,3738
Encrypt,145,3705
Encrypt,146,3605
Encrypt,147,3629
Encrypt,148,3753
Encrypt,149,3823
Encrypt,150,3799
Encrypt,151,3817
Encrypt,152,3485
Encrypt,153,3621
Encrypt,154,3950
Encrypt,155,3604
Encrypt,156,3596
Encrypt,157,3608
Encrypt,158,3875
Encrypt,159,3761
Encrypt,160,3676
Encrypt,161,3694
Encrypt,162,3739
Encrypt,163,4123
Encrypt,164,3645
Encrypt,165,3723
Encrypt,166,3739
Encrypt,167,4018
Encrypt,168,4098
Encrypt,169,3606
Encrypt,170,3646
Encrypt,171,3879
Encrypt,172,3695
Encrypt,173,3556
Encrypt,174,3613
Encrypt,175,3848
Encrypt,176,3962
Encrypt,177,4188
Encrypt,178,3741
Encrypt,179,3607
Encrypt,180,3673
Encrypt,181,4036
Encrypt,182,3746
Encrypt,183,3592
Encrypt,184,3639
Encrypt,185,4022
Encrypt,186,4151
Encrypt,187,3630
Encrypt,188,3734
Encrypt,189,3876
Encrypt,190,3935
Encrypt,191,3938
Encrypt,192,3669
Encrypt,193,4187
Encrypt,194,3661
Encrypt,195,3601
Encrypt,196,3627
Encrypt,197,3604
Encrypt,198,3741
Encrypt,199,3631
Encrypt,200,3756
Encrypt,201,3806
Encrypt,202,3995
Encrypt,203,3969
Encrypt,204,3718
Encrypt,205,3744
Encrypt,206,3731
Encrypt,207,3765
Encrypt,208,3656
Encrypt,209,3605
Encrypt,210,3552
Encrypt,211,3816
Encrypt,212,3992
Encrypt,213,3615
Encrypt,214,3639
Encrypt,215,3945
Encrypt,216,3962
Encrypt,217,4070
Encrypt,218,3922
Encrypt,219,3918
Encrypt,220,5211
Encrypt,221,3867
Encrypt,222,3638
Encrypt,223,3679
Encrypt,224,3703
Encrypt,225,3637
Encrypt,226,3634
Encrypt,227,3884
Encrypt,228,3957
Encrypt,229,4004
Encrypt,230,3774
Encrypt,231,3873
Encrypt,232,3841
Encrypt,233,3788
Encrypt,234,3694
Encrypt,235,3727
Encrypt,236,3822
Encrypt,237,4077
Encrypt,238,3923
Encrypt,239,4678
Encrypt,240,3621
Encrypt,241,3802
Encrypt,242,4054
Encrypt,243,3634
Encrypt,244,3669
Encrypt,245,4195
Encrypt,246,4096
Encrypt,247,3758
Encrypt,248,3670
Encrypt,249,3729
Encrypt,250,3852
Encrypt,251,3641
Encrypt,252,3710
Encrypt,253,3648
Encrypt,254,4075
Encrypt,255,3717
Encrypt,256,3757
Encrypt,257,3820
Encrypt,258,3856
Encrypt,259,3764
Encrypt,260,3706
Encrypt,261,3791
Encrypt,262,3775
Encrypt,263,3818
Encrypt,264,3904
Encrypt,265,3936
Encrypt,266,3763
Encrypt,267,3923
Encrypt,268,3884
Encrypt,269,3623
Encrypt,270,3681
Encrypt,271,3843
Encrypt,272,4121
Encrypt,273,3516
Encrypt,274,3573
Encrypt,275,3675
Encrypt,276,4434
Encrypt,277,3799
Encrypt,278,3617
Encrypt,279,3620
Encrypt,280,4423
Encrypt,281,3795
Encrypt,282,3603
Encrypt,283,3668
Encrypt,284,3581
Encrypt,285,3958
Encrypt,286,4194
Encrypt,287,3592
Encrypt,288,3603
Encrypt,289,3966
Encrypt,290,3678
Encrypt,291,3790
Encrypt,292,3730
Encrypt,293,3673
Encrypt,294,3868
Encrypt,295,3773
Encrypt,296,3734
Encrypt,297,3788
Encrypt,298,4281
Encrypt,299,3561
Encrypt,300,3582
Encrypt,301,3769
Encrypt,302,3666
Encrypt,303,3625
Encrypt,304,3578
Encrypt,305,3668
Encrypt,306,3677
Encrypt,307,4112
Encrypt,308,4524
Encrypt,309,3720
Encrypt,310,3813
Encrypt,311,3698
Encrypt,312,3673
Encrypt,313,3647
Encrypt,314,3726
Encrypt,315,3714
Encrypt,316,3771
Encrypt,317,3812
Encrypt,318,4193
Encrypt,319,3604
Encrypt,320,4123
Encrypt,321,3703
Encrypt,322,3622
Encrypt,323,3667
Encrypt,324,3981
Encrypt,325,3840
Encrypt,326,3566
Encrypt,327,3667
Encrypt,328,3825
Encrypt,329,4256
Encrypt,330,3575
Encrypt,331,3890
Encrypt,332,3824
Encrypt,333,4138
Encrypt,334,3599
Encrypt,335,3632
Encrypt,336,3851
Encrypt,337,3866
Encrypt,338,3665
Encrypt,339,3673
Encrypt,340,3792
Encrypt,341,3785
Encrypt,342,3850
Encrypt,343,3825
Encrypt,344,3738
Encrypt,345,3731
Encrypt,346,3734
Encrypt,347,3841
Encrypt,348,3716
Encrypt,349,3670
Encrypt,350,4778
Encrypt,351,3816
Encrypt,352,3984
Encrypt,353,3823
Encrypt,354,3866
Encrypt,355,3973
Encrypt,356,3760
Encrypt,357,3847
Encrypt,358,3779
Encrypt,359,4048
Encrypt,360,3896
Encrypt,361,3981
Encrypt,362,3743
Encrypt,363,3996
Encrypt,364,3698
Encrypt,365,3804
Encrypt,366,3786
Encrypt,367,3787
Encrypt,368,4754
Encrypt,369,3656
Encrypt,370,3816
Encrypt,371,3842
Encrypt,372,3982
Encrypt,373,3595
Encrypt,374,4117
Encrypt,375,3686
Encrypt,376,3784
Encrypt,377,3767
Encrypt,378,3964
Encrypt,379,3705
Encrypt,380,3719
Encrypt,381,3687
Encrypt,382,3711
Encrypt,383,3832
Encrypt,384,3715
Encrypt,385,4058
Encrypt,386,3833
Encrypt,387,3858
Encrypt,388,3638
Encrypt,389,3803
Encrypt,390,3556
Encrypt,391,3657
Encrypt,392,4265
Encrypt,393,3994
Encrypt,394,4221
Encrypt,395,3705
Encrypt,396,3612
Encrypt,397,3749
Encrypt,398,4086
Encrypt,399,3689
Encrypt,400,3708
Encrypt,401,3994
Encrypt,402,3945
Encrypt,403,3976
Encrypt,404,3753
Encrypt,405,3626
Encrypt,406,3652
Encrypt,407,3859
Encrypt,408,3619
Encrypt,409,3577
Encrypt,410,3595
Encrypt,411,3971
Encrypt,412,4087
Encrypt,413,3629
Encrypt,414,3896
Encrypt,415,3846
Encrypt,416,4060
Encrypt,417,3666
Encrypt,418,3815
Encrypt,419,3796
Encrypt,420,4119
Encrypt,421,3743
Encrypt,422,3652
Encrypt,423,3557
Encrypt,424,3739
Encrypt,425,3715
Encrypt,426,3599
Encrypt,427,3690
Encrypt,428,3623
Encrypt,429,4068
Encrypt,430,3644
Encrypt,431,3608
Encrypt,432,3554
Encrypt,433,3746
Encrypt,434,3794
Encrypt,435,3723
Encrypt,436,3593
Encrypt,437,3645
Encrypt,438,3863
Encrypt,439,3840
Encrypt,440,3527
Encrypt,441,3964
Encrypt,442,3825
Encrypt,443,3799
Encrypt,444,3617
Encrypt,445,3635
Encrypt,446,3583
Encrypt,447,4137
Encrypt,448,3634
Encrypt,449,4131
Encrypt,450,3608
Encrypt,451,3762
Encrypt,452,3710
Encrypt,453,3668
Encrypt,454,3684
Encrypt,455,3692
Encrypt,456,4432
Encrypt,457,6702
Encrypt,458,3848
Encrypt,459,5361
Encrypt,460,7483
Encrypt,461,4660
Encrypt,462,4046
Encrypt,463,4244
Encrypt,464,7730
Encrypt,465,5143
Encrypt,466,3913
Encrypt,467,7534
Encrypt,468,5906
Encrypt,469,3927
Encrypt,470,4084
Encrypt,471,4605
Encrypt,472,4512
Encrypt,473,3906
Encrypt,474,3903
Encrypt,475,4149
Encrypt,476,4977
Encrypt,477,4117
Encrypt,478,3811
Encrypt,479,3918
Encrypt,480,3818
Encrypt,481,3980
Encrypt,482,3966
Encrypt,483,3999
Encrypt,484,4440
Encrypt,485,5086
Encrypt,486,3797
Encrypt,487,3593
Encrypt,488,3901
Encrypt,489,4550
Encrypt,490,3875
Encrypt,491,3632
Encrypt,492,3817
Encrypt,493,3779
Encrypt,494,3859
Encrypt,495,3852
Encrypt,496,3906
Encrypt,497,3816
Encrypt,498,3830
Encrypt,499,3794
Encrypt,500,4112
TM_Decrypt,1,1006
TM_Decrypt,2,1004
TM_Decrypt,3,1006
TM_Decrypt,4,1025
TM_Decrypt,5,1036
TM_Decrypt,6,996
TM_Decrypt,7,986
TM_Decrypt,8,982
TM_Decrypt,9,996
TM_Decrypt,10,978
TM_Decrypt,11,1030
TM_Decrypt,12,1130
TM_Decrypt,13,1055
TM_Decrypt,14,1001
TM_Decrypt,15,957
TM_Decrypt,16,989
TM_Decrypt,17,960
TM_Decrypt,18,940
TM_Decrypt,19,955
TM_Decrypt,20,942
TM_Decrypt,21,953
TM_Decrypt,22,958
TM_Decrypt,23,954
TM_Decrypt,24,1040
TM_Decrypt,25,989
TM_Decrypt,26,977
TM_Decrypt,27,1111
TM_Decrypt,28,1124
TM_Decrypt,29,1483
TM_Decrypt,30,1088
TM_Decrypt,31,949
TM_Decrypt,32,1042
TM_Decrypt,33,972
TM_Decrypt,34,960
TM_Decrypt,35,943
TM_Decrypt,36,955
TM_Decrypt,37,975
TM_Decrypt,38,1012
TM_Decrypt,39,969
TM_Decrypt,40,941
TM_Decrypt,41,954
TM_Decrypt,42,938
TM_Decrypt,43,964
TM_Decrypt,44,1021
TM_Decrypt,45,1046
TM_Decrypt,46,1017
TM_Decrypt,47,1012
TM_Decrypt,48,1000
TM_Decrypt,49,1027
TM_Decrypt,50,1011
TM_Decrypt,51,999
TM_Decrypt,52,1018
TM_Decrypt,53,1008
TM_Decrypt,54,989
TM_Decrypt,55,1010
TM_Decrypt,56,1055
TM_Decrypt,57,1005
TM_Decrypt,58,993
TM_Decrypt,59,1011
TM_Decrypt,60,1045
TM_Decrypt,61,1076
TM_Decrypt,62,1141
TM_Decrypt,63,1026
TM_Decrypt,64,972
TM_Decrypt,65,952
TM_Decrypt,66,954
TM_Decrypt,67,950
TM_Decrypt,68,982
TM_Decrypt,69,953
TM_Decrypt,70,949
TM_Decrypt,71,948
TM_Decrypt,72,978
TM_Decrypt,73,943
TM_Decrypt,74,948
TM_Decrypt,75,951
TM_Decrypt,76,989
TM_Decrypt,77,1093
TM_Decrypt,78,1059
TM_Decrypt,79,1025
TM_Decrypt,80,1126
TM_Decrypt,81,994
TM_Decrypt,82,988
TM_Decrypt,83,987
TM_Decrypt,84,998
TM_Decrypt,85,987
TM_Decrypt,86,983
TM_Decrypt,87,992
TM_Decrypt,88,995
TM_Decrypt,89,983
TM_Decrypt,90,987
TM_Decrypt,91,988
TM_Decrypt,92,1020
TM_Decrypt,93,1053
TM_Decrypt,94,1020
TM_Decrypt,95,1045
TM_Decrypt,96,1106
TM_Decrypt,97,1002
TM_Decrypt,98,979
TM_Decrypt,99,997
TM_Decrypt,100,997
TM_Decrypt,101,1022
TM_Decrypt,102,1004
TM_Decrypt,103,1020
TM_Decrypt,104,986
TM_Decrypt,105,994
TM_Decrypt,106,1020
TM_Decrypt,107,989
TM_Decrypt,108,978
TM_Decrypt,109,1020
TM_Decrypt,110,1045
TM_Decrypt,111,1095
TM_Decrypt,112,1073
TM_Decrypt,113,997
TM_Decrypt,114,968
TM_Decrypt,115,981
TM_Decrypt,116,1059
TM_Decrypt,117,1069
TM_Decrypt,118,1018
TM_Decrypt,119,1030
TM_Decrypt,120,1002
TM_Decrypt,121,1018
TM_Decrypt,122,1011
TM_Decrypt,123,1028
TM_Decrypt,124,974
TM_Decrypt,125,991
TM_Decrypt,126,1093
TM_Decrypt,127,1072
TM_Decrypt,128,1036
TM_Decrypt,129,974
TM_Decrypt,130,970
TM_Decrypt,131,988
TM_Decrypt,132,950
TM_Decrypt,133,966
TM_Decrypt,134,956
TM_Decrypt,135,986
TM_Decrypt,136,943
TM_Decrypt,137,954
TM_Decrypt,138,948
TM_Decrypt,139,1009
TM_Decrypt,140,955
TM_Decrypt,141,951
TM_Decrypt,142,1656
TM_Decrypt,143,1061
TM_Decrypt,144,1102
TM_Decrypt,145,1049
TM_Decrypt,146,1076
TM_Decrypt,147,989
TM_Decrypt,148,957
TM_Decrypt,149,957
TM_Decrypt,150,961
TM_Decrypt,151,995
TM_Decrypt,152,958
TM_Decrypt,153,938
TM_Decrypt,154,951
TM_Decrypt,155,1011
TM_Decrypt,156,991
TM_Decrypt,157,1059
TM_Decrypt,158,997
TM_Decrypt,159,1185
TM_Decrypt,160,1081
TM_Decrypt,161,1152
TM_Decrypt,162,1035
TM_Decrypt,163,956
TM_Decrypt,164,961
TM_Decrypt,165,952
TM_Decrypt,166,970
TM_Decrypt,167,950
TM_Decrypt,168,957
TM_Decrypt,169,941
TM_Decrypt,170,947
TM_Decrypt,171,994
TM_Decrypt,172,955
TM_Decrypt,173,1010
TM_Decrypt,174,1196
TM_Decrypt,175,1079
TM_Decrypt,176,1022
TM_Decrypt,177,1076
TM_Decrypt,178,1163
TM_Decrypt,179,946
TM_Decrypt,180,956
TM_Decrypt,181,944
TM_Decrypt,182,983
TM_Decrypt,183,959
TM_Decrypt,184,992
TM_Decrypt,185,982
TM_Decrypt,186,1019
TM_Decrypt,187,1046
TM_Decrypt,188,1068
TM_Decrypt,189,1058
TM_Decrypt,190,1053
TM_Decrypt,191,1067
TM_Decrypt,192,1153
TM_Decrypt,193,1260
TM_Decrypt,194,1048
TM_Decrypt,195,982
TM_Decrypt,196,959
TM_Decrypt,197,974
TM_Decrypt,198,979
TM_Decrypt,199,973
TM_Decrypt,200,1021
TM_Decrypt,201,1027
TM_Decrypt,202,1034
TM_Decrypt,203,1046
TM_Decrypt,204,1049
TM_Decrypt,205,1036
TM_Decrypt,206,995
TM_Decrypt,207,1143
TM_Decrypt,208,1455
TM_Decrypt,209,1127
TM_Decrypt,210,956
TM_Decrypt,211,1014
TM_Decrypt,212,951
TM_Decrypt,213,963
TM_Decrypt,214,948
TM_Decrypt,215,947
TM_Decrypt,216,951
TM_Decrypt,217,1012
TM_Decrypt,218,966
TM_Decrypt,219,960
TM_Decrypt,220,936
TM_Decrypt,221,1023
TM_Decrypt,222,955
TM_Decrypt,223,949
TM_Decrypt,224,1009
TM_Decrypt,225,1060
TM_Decrypt,226,1000
TM_Decrypt,227,956
TM_Decrypt,228,957
TM_Decrypt,229,948
TM_Decrypt,230,954
TM_Decrypt,231,968
TM_Decrypt,232,1003
TM_Decrypt,233,1012
TM_Decrypt,234,1016
TM_Decrypt,235,980
TM_Decrypt,236,991
TM_Decrypt,237,984
TM_Decrypt,238,981
TM_Decrypt,239,998
TM_Decrypt,240,1003
TM_Decrypt,241,1035
TM_Decrypt,242,1080
TM_Decrypt,243,1159
TM_Decrypt,244,987
TM_Decrypt,245,989
TM_Decrypt,246,944
TM_Decrypt,247,955
TM_Decrypt,248,955
TM_Decrypt,249,959
TM_Decrypt,250,967
TM_Decrypt,251,958
TM_Decrypt,252,940
TM_Decrypt,253,1001
TM_Decrypt,254,966
TM_Decrypt,255,949
TM_Decrypt,256,965
TM_Decrypt,257,998
TM_Decrypt,258,1093
TM_Decrypt,259,1066
TM_Decrypt,260,1085
TM_Decrypt,261,1045
TM_Decrypt,262,964
TM_Decrypt,263,958
TM_Decrypt,264,948
TM_Decrypt,265,956
TM_Decrypt,266,976
TM_Decrypt,267,961
TM_Decrypt,268,956
TM_Decrypt,269,936
TM_Decrypt,270,1014
TM_Decrypt,271,944
TM_Decrypt,272,955
TM_Decrypt,273,956
TM_Decrypt,274,1022
TM_Decrypt,275,1017
TM_Decrypt,276,1047
TM_Decrypt,277,966
TM_Decrypt,278,982
TM_Decrypt,279,974
TM_Decrypt,280,988
TM_Decrypt,281,998
TM_Decrypt,282,1074
TM_Decrypt,283,1027
TM_Decrypt,284,976
TM_Decrypt,285,1031
TM_Decrypt,286,986
TM_Decrypt,287,1009
TM_Decrypt,288,977
TM_Decrypt,289,1004
TM_Decrypt,290,1019
TM_Decrypt,291,1019
TM_Decrypt,292,1048
TM_Decrypt,293,1141
TM_Decrypt,294,980
TM_Decrypt,295,946
TM_Decrypt,296,965
TM_Decrypt,297,961
TM_Decrypt,298,951
TM_Decrypt,299,994
TM_Decrypt,300,958
TM_Decrypt,301,950
TM_Decrypt,302,977
TM_Decrypt,303,966
TM_Decrypt,304,954
TM_Decrypt,305,975
TM_Decrypt,306,978
TM_Decrypt,307,989
TM_Decrypt,308,1087
TM_Decrypt,309,1097
TM_Decrypt,310,1040
TM_Decrypt,311,973
TM_Decrypt,312,946
TM_Decrypt,313,981
TM_Decrypt,314,952
TM_Decrypt,315,971
TM_Decrypt,316,943
TM_Decrypt,317,954
TM_Decrypt,318,972
TM_Decrypt,319,953
TM_Decrypt,320,973
TM_Decrypt,321,956
TM_Decrypt,322,998
TM_Decrypt,323,969
TM_Decrypt,324,1003
TM_Decrypt,325,989
TM_Decrypt,326,1116
TM_Decrypt,327,1209
TM_Decrypt,328,985
TM_Decrypt,329,997
TM_Decrypt,330,1020
TM_Decrypt,331,957
TM_Decrypt,332,953
TM_Decrypt,333,942
TM_Decrypt,334,955
TM_Decrypt,335,950
TM_Decrypt,336,954
TM_Decrypt,337,947
TM_Decrypt,338,936
TM_Decrypt,339,960
TM_Decrypt,340,955
TM_Decrypt,341,1405
TM_Decrypt,342,1120
TM_Decrypt,343,1029
TM_Decrypt,344,963
TM_Decrypt,345,941
TM_Decrypt,346,977
TM_Decrypt,347,958
TM_Decrypt,348,963
TM_Decrypt,349,936
TM_Decrypt,350,951
TM_Decrypt,351,943
TM_Decrypt,352,962
TM_Decrypt,353,969
TM_Decrypt,354,952
TM_Decrypt,355,955
TM_Decrypt,356,984
TM_Decrypt,357,1016
TM_Decrypt,358,1031
TM_Decrypt,359,1052
TM_Decrypt,360,1217
TM_Decrypt,361,1075
TM_Decrypt,362,1017
TM_Decrypt,363,954
TM_Decrypt,364,957
TM_Decrypt,365,961
TM_Decrypt,366,1009
TM_Decrypt,367,1006
TM_Decrypt,368,935
TM_Decrypt,369,963
TM_Decrypt,370,976
TM_Decrypt,371,964
TM_Decrypt,372,937
TM_Decrypt,373,939
TM_Decrypt,374,1011
TM_Decrypt,375,1143
TM_Decrypt,376,954
TM_Decrypt,377,937
TM_Decrypt,378,952
TM_Decrypt,379,946
TM_Decrypt,380,960
TM_Decrypt,381,1006
TM_Decrypt,382,1067
TM_Decrypt,383,1037
TM_Decrypt,384,1026
TM_Decrypt,385,993
TM_Decrypt,386,1035
TM_Decrypt,387,981
TM_Decrypt,388,998
TM_Decrypt,389,996
TM_Decrypt,390,1032
TM_Decrypt,391,1007
TM_Decrypt,392,1062
TM_Decrypt,393,1163
TM_Decrypt,394,1138
TM_Decrypt,395,955
TM_Decrypt,396,1032
TM_Decrypt,397,1017
TM_Decrypt,398,1030
TM_Decrypt,399,995
TM_Decrypt,400,962
TM_Decrypt,401,942
TM_Decrypt,402,1067
TM_Decrypt,403,1034
TM_Decrypt,404,960
TM_Decrypt,405,944
TM_Decrypt,406,1023
TM_Decrypt,407,1044
TM_Decrypt,408,1126
TM_Decrypt,409,1298
TM_Decrypt,410,982
TM_Decrypt,411,965
TM_Decrypt,412,947
TM_Decrypt,413,995
TM_Decrypt,414,970
TM_Decrypt,415,948
TM_Decrypt,416,930
TM_Decrypt,417,962
TM_Decrypt,418,979
TM_Decrypt,419,941
TM_Decrypt,420,951
TM_Decrypt,421,936
TM_Decrypt,422,1019
TM_Decrypt,423,976
TM_Decrypt,424,1076
TM_Decrypt,425,1146
TM_Decrypt,426,1278
TM_Decrypt,427,1003
TM_Decrypt,428,956
TM_Decrypt,429,1002
TM_Decrypt,430,974
TM_Decrypt,431,950
TM_Decrypt,432,954
TM_Decrypt,433,951
TM_Decrypt,434,1004
TM_Decrypt,435,996
TM_Decrypt,436,1002
TM_Decrypt,437,1026
TM_Decrypt,438,1012
TM_Decrypt,439,1002
TM_Decrypt,440,1064
TM_Decrypt,441,1204
TM_Decrypt,442,1142
TM_Decrypt,443,989
TM_Decrypt,444,956
TM_Decrypt,445,990
TM_Decrypt,446,950
TM_Decrypt,447,946
TM_Decrypt,448,953
TM_Decrypt,449,960
TM_Decrypt,450,942
TM_Decrypt,451,938
TM_Decrypt,452,947
TM_Decrypt,453,949
TM_Decrypt,454,948
TM_Decrypt,455,948
TM_Decrypt,456,934
TM_Decrypt,457,996
TM_Decrypt,458,1190
TM_Decrypt,459,1172
TM_Decrypt,460,955
TM_Decrypt,461,1017
TM_Decrypt,462,949
TM_Decrypt,463,941
TM_Decrypt,464,950
TM_Decrypt,465,943
TM_Decrypt,466,935
TM_Decrypt,467,940
TM_Decrypt,468,945
TM_Decrypt,469,959
TM_Decrypt,470,982
TM_Decrypt,471,953
TM_Decrypt,472,950
TM_Decrypt,473,965
TM_Decrypt,474,1066
TM_Decrypt,475,1118
TM_Decrypt,476,1333
TM_Decrypt,477,986
TM_Decrypt,478,967
TM_Decrypt,479,955
TM_Decrypt,480,956
TM_Decrypt,481,950
TM_Decrypt,482,964
TM_Decrypt,483,944
TM_Decrypt,484,956
TM_Decrypt,485,948
TM_Decrypt,486,972
TM_Decrypt,487,958
TM_Decrypt,488,950
TM_Decrypt,489,946
TM_Decrypt,490,934
TM_Decrypt,491,1143
TM_Decrypt,492,1221
TM_Decrypt,493,1168
TM_Decrypt,494,962
TM_Decrypt,495,934
TM_Decrypt,496,962
TM_Decrypt,497,960
TM_Decrypt,498,1007
TM_Decrypt,499,956
TM_Decrypt,500,999
Decrypt,1,4449
Decrypt,2,4331
Decrypt,3,4299
Decrypt,4,4257
Decrypt,5,4323
Decrypt,6,4238
Decrypt,7,4321
Decrypt,8,4275
Decrypt,9,4344
Decrypt,10,4090
Decrypt,11,4304
Decrypt,12,4471
Decrypt,13,4455
Decrypt,14,4272
Decrypt,15,4047
Decrypt,16,5138
Decrypt,17,5026
Decrypt,18,3984
Decrypt,19,3973
Decrypt,20,4250
Decrypt,21,4976
Decrypt,22,4236
Decrypt,23,4168
Decrypt,24,4527
Decrypt,25,4234
Decrypt,26,4189
Decrypt,27,4160
Decrypt,28,4244
Decrypt,29,4222
Decrypt,30,4326
Decrypt,31,4132
Decrypt,32,4249
Decrypt,33,4225
Decrypt,34,4227
Decrypt,35,4225
Decrypt,36,4236
Decrypt,37,4302
Decrypt,38,4146
Decrypt,39,4172
Decrypt,40,4384
Decrypt,41,4235
Decrypt,42,4191
Decrypt,43,4151
Decrypt,44,4254
Decrypt,45,4264
Decrypt,46,4219
Decrypt,47,4325
Decrypt,48,4494
Decrypt,49,4037
Decrypt,50,3958
Decrypt,51,4032
Decrypt,52,4044
Decrypt,53,3956
Decrypt,54,4145
Decrypt,55,4193
Decrypt,56,4299
Decrypt,57,4053
Decrypt,58,4014
Decrypt,59,4271
Decrypt,60,4184
Decrypt,61,4126
Decrypt,62,4161
Decrypt,63,4234
Decrypt,64,4287
Decrypt,65,4165
Decrypt,66,4183
Decrypt,67,4192
Decrypt,68,4179
Decrypt,69,4266
Decrypt,70,4268
Decrypt,71,4367
Decrypt,72,4113
Decrypt,73,3970
Decrypt,74,4019
Decrypt,75,4098
Decrypt,76,4019
Decrypt,77,3956
Decrypt,78,3960
Decrypt,79,4126
Decrypt,80,4553
Decrypt,81,3976
Decrypt,82,4016
Decrypt,83,4020
Decrypt,84,4092
Decrypt,85,4227
Decrypt,86,4138
Decrypt,87,4193
Decrypt,88,4309
Decrypt,89,4209
Decrypt,90,4144
Decrypt,91,4166
Decrypt,92,4196
Decrypt,93,4167
Decrypt,94,4196
Decrypt,95,4227
Decrypt,96,4331
Decrypt,97,3980
Decrypt,98,3971
Decrypt,99,4154
Decrypt,100,4277
Decrypt,101,3977
Decrypt,102,4195
Decrypt,103,4193
Decrypt,104,4279
Decrypt,105,4328
Decrypt,106,5617
Decrypt,107,6501
Decrypt,108,4562
Decrypt,109,4559
Decrypt,110,4724
Decrypt,111,4793
Decrypt,112,4125
Decrypt,113,4056
Decrypt,114,4485
Decrypt,115,4209
Decrypt,116,4118
Decrypt,117,4330
Decrypt,118,4656
Decrypt,119,4147
Decrypt,120,3994
Decrypt,121,4235
Decrypt,122,4603
Decrypt,123,3970
Decrypt,124,5350
Decrypt,125,4343
Decrypt,126,4272
Decrypt,127,4120
Decrypt,128,4261
Decrypt,129,4225
Decrypt,130,4203
Decrypt,131,4299
Decrypt,132,4231
Decrypt,133,4446
Decrypt,134,4149
Decrypt,135,4599
Decrypt,136,4011
Decrypt,137,4091
Decrypt,138,4035
Decrypt,139,3980
Decrypt,140,4052
Decrypt,141,4339
Decrypt,142,4265
Decrypt,143,4220
Decrypt,144,4277
Decrypt,145,4321
Decrypt,146,4213
Decrypt,147,4233
Decrypt,148,4239
Decrypt,149,4298
Decrypt,150,4400
Decrypt,151,4247
Decrypt,152,4173
Decrypt,153,4410
Decrypt,154,4180
Decrypt,155,4271
Decrypt,156,4228
Decrypt,157,4917
Decrypt,158,4053
Decrypt,159,3998
Decrypt,160,4002
Decrypt,161,4098
Decrypt,162,4008
Decrypt,163,4102
Decrypt,164,4158
Decrypt,165,4166
Decrypt,166,4148
Decrypt,167,4109
Decrypt,168,4183
Decrypt,169,4655
Decrypt,170,4650
Decrypt,171,3973
Decrypt,172,3965
Decrypt,173,5134
Decrypt,174,4143
Decrypt,175,4059
Decrypt,176,4173
Decrypt,177,4515
Decrypt,178,4314
Decrypt,179,4230
Decrypt,180,4246
Decrypt,181,4492
Decrypt,182,4155
Decrypt,183,4206
Decrypt,184,4256
Decrypt,185,4385
Decrypt,186,3991
Decrypt,187,4010
Decrypt,188,3995
Decrypt,189,4396
Decrypt,190,3987
Decrypt,191,4051
Decrypt,192,4016
Decrypt,193,4348
Decrypt,194,3948
Decrypt,195,3969
Decrypt,196,4176
Decrypt,197,4392
Decrypt,198,4124
Decrypt,199,4119
Decrypt,200,4172
Decrypt,201,4211
Decrypt,202,4220
Decrypt,203,4071
Decrypt,204,3954
Decrypt,205,4277
Decrypt,206,3970
Decrypt,207,4056
Decrypt,208,4005
Decrypt,209,4566
Decrypt,210,4287
Decrypt,211,3951
Decrypt,212,4445
Decrypt,213,5175
Decrypt,214,4023
Decrypt,215,4169
Decrypt,216,4495
Decrypt,217,3960
Decrypt,218,4007
Decrypt,219,4023
Decrypt,220,4311
Decrypt,221,4229
Decrypt,222,4135
Decrypt,223,4191
Decrypt,224,4164
Decrypt,225,4161
Decrypt,226,4202
Decrypt,227,4221
Decrypt,228,4281
Decrypt,229,4219
Decrypt,230,4310
Decrypt,231,4177
Decrypt,232,4186
Decrypt,233,4298
Decrypt,234,4267
Decrypt,235,4266
Decrypt,236,4432
Decrypt,237,4285
Decrypt,238,3996
Decrypt,239,4013
Decrypt,240,4362
Decrypt,241,4253
Decrypt,242,4252
Decrypt,243,4271
Decrypt,244,4805
Decrypt,245,4150
Decrypt,246,4022
Decrypt,247,3990
Decrypt,248,4371
Decrypt,249,5151
Decrypt,250,6767
Decrypt,251,4971
Decrypt,252,3966
Decrypt,253,3955
Decrypt,254,4195
Decrypt,255,4293
Decrypt,256,4153
Decrypt,257,4120
Decrypt,258,4139
Decrypt,259,4259
Decrypt,260,4434
Decrypt,261,4240
Decrypt,262,4214
Decrypt,263,4339
Decrypt,264,4236
Decrypt,265,4279
Decrypt,266,4179
Decrypt,267,4735
Decrypt,268,4203
Decrypt,269,4309
Decrypt,270,4208
Decrypt,271,4256
Decrypt,272,4006
Decrypt,273,3976
Decrypt,274,4108
Decrypt,275,4478
Decrypt,276,3952
Decrypt,277,3969
Decrypt,278,4275
Decrypt,279,4354
Decrypt,280,3979
Decrypt,281,4015
Decrypt,282,3991
Decrypt,283,4376
Decrypt,284,4033
Decrypt,285,4266
Decrypt,286,4218
Decrypt,287,4171
Decrypt,288,4130
Decrypt,289,4273
Decrypt,290,4317
Decrypt,291,4335
Decrypt,292,3991
Decrypt,293,3991
Decrypt,294,4198
Decrypt,295,4512
Decrypt,296,4034
Decrypt,297,3999
Decrypt,298,4091
Decrypt,299,4532
Decrypt,300,4018
Decrypt,301,4005
Decrypt,302,3986
Decrypt,303,4078
Decrypt,304,3994
Decrypt,305,3964
Decrypt,306,3986
Decrypt,307,4399
Decrypt,308,4106
Decrypt,309,4208
Decrypt,310,4145
Decrypt,311,4223
Decrypt,312,4201
Decrypt,313,4220
Decrypt,314,4174
Decrypt,315,4323
Decrypt,316,4028
Decrypt,317,3991
Decrypt,318,3961
Decrypt,319,4076
Decrypt,320,4109
Decrypt,321,4222
Decrypt,322,4257
Decrypt,323,4314
Decrypt,324,4010
Decrypt,325,3949
Decrypt,326,3999
Decrypt,327,4220
Decrypt,328,4220
Decrypt,329,4093
Decrypt,330,4118
Decrypt,331,4324
Decrypt,332,4051
Decrypt,333,3953
Decrypt,334,3980
Decrypt,335,4273
Decrypt,336,3978
Decrypt,337,3965
Decrypt,338,4039
Decrypt,339,4668
Decrypt,340,4131
Decrypt,341,4141
Decrypt,342,4227
Decrypt,343,4352
Decrypt,344,4221
Decrypt,345,4211
Decrypt,346,4181
Decrypt,347,4572
Decrypt,348,4004
Decrypt,349,3976
Decrypt,350,3963
Decrypt,351,4158
Decrypt,352,3988
Decrypt,353,4135
Decrypt,354,4137
Decrypt,355,4215
Decrypt,356,4464
Decrypt,357,4209
Decrypt,358,4165
Decrypt,359,4208
Decrypt,360,4119
Decrypt,361,4255
Decrypt,362,4300
Decrypt,363,4580
Decrypt,364,4188
Decrypt,365,4031
Decrypt,366,5291
Decrypt,367,4926
Decrypt,368,3989
Decrypt,369,4137
Decrypt,370,4790
Decrypt,371,4292
Decrypt,372,4222
Decrypt,373,4215
Decrypt,374,4371
Decrypt,375,4001
Decrypt,376,3999
Decrypt,377,3991
Decrypt,378,4141
Decrypt,379,4119
Decrypt,380,4121
Decrypt,381,4105
Decrypt,382,4261
Decrypt,383,4009
Decrypt,384,3946
Decrypt,385,4022
Decrypt,386,4185
Decrypt,387,4380
Decrypt,388,4112
Decrypt,389,4123
Decrypt,390,4413
Decrypt,391,4104
Decrypt,392,3971
Decrypt,393,4033
Decrypt,394,4245
Decrypt,395,4205
Decrypt,396,4190
Decrypt,397,4206
Decrypt,398,4370
Decrypt,399,4050
Decrypt,400,3974
Decrypt,401,3993
Decrypt,402,4116
Decrypt,403,4433
Decrypt,404,3978
Decrypt,405,4136
Decrypt,406,4564
Decrypt,407,4215
Decrypt,408,4073
Decrypt,409,4040
Decrypt,410,4489
Decrypt,411,4228
Decrypt,412,3990
Decrypt,413,3989
Decrypt,414,4406
Decrypt,415,4286
Decrypt,416,4360
Decrypt,417,4005
Decrypt,418,4133
Decrypt,419,4254
Decrypt,420,4039
Decrypt,421,4039
Decrypt,422,4134
Decrypt,423,4228
Decrypt,424,4220
Decrypt,425,4283
Decrypt,426,4539
Decrypt,427,4274
Decrypt,428,4246
Decrypt,429,4268
Decrypt,430,4371
Decrypt,431,4253
Decrypt,432,4236
Decrypt,433,4208
Decrypt,434,4839
Decrypt,435,4241
Decrypt,436,4249
Decrypt,437,4311
Decrypt,438,4331
Decrypt,439,4211
Decrypt,440,4418
Decrypt,441,4635
Decrypt,442,4428
Decrypt,443,3987
Decrypt,444,4021
Decrypt,445,4013
Decrypt,446,4090
Decrypt,447,4076
Decrypt,448,4094
Decrypt,449,4078
Decrypt,450,4400
Decrypt,451,3971
Decrypt,452,3947
Decrypt,453,3984
Decrypt,454,4122
Decrypt,455,4184
Decrypt,456,4174
Decrypt,457,4158
Decrypt,458,4406
Decrypt,459,4066
Decrypt,460,3974
Decrypt,461,3959
Decrypt,462,4090
Decrypt,463,4210
Decrypt,464,4232
Decrypt,465,4071
Decrypt,466,4317
Decrypt,467,4136
Decrypt,468,4180
Decrypt,469,4166
Decrypt,470,4211
Decrypt,471,4154
Decrypt,472,4334
Decrypt,473,4043
Decrypt,474,4353
Decrypt,475,4035
Decrypt,476,4362
Decrypt,477,4097
Decrypt,478,4352
Decrypt,479,3980
Decrypt,480,3980
Decrypt,481,4022
Decrypt,482,4477
Decrypt,483,3976
Decrypt,484,4005
Decrypt,485,4087
Decrypt,486,4816
Decrypt,487,4154
Decrypt,488,4175
Decrypt,489,4368
Decrypt,490,4566
Decrypt,491,4156
Decrypt,492,4380
Decrypt,493,4395
Decrypt,494,4059
Decrypt,495,3946
Decrypt,496,3963
Decrypt,497,4112
Decrypt,498,4622
Decrypt,499,4181
Decrypt,500,4109
