workflow,hops,n_total,n_success,delivery_rate_percent,mean_ms,stddev_ms,median_ms,min_ms,max_ms
ARL_UPDATE,1,30,30,100.000,1340.511494,39.275612,1331.300213,1322.853059,1541.337665
CT_SHARE,1,30,30,100.000,1434.784822,17.832346,1428.728444,1392.041455,1460.952664
KEY_REQUEST_RESPONSE,1,30,30,100.000,2213.977189,566.872313,2013.679375,1736.585042,3277.888850
ARL_UPDATE,2,30,30,100.000,1501.549586,70.890827,1528.246674,1320.716554,1533.947735
CT_SHARE,2,30,30,100.000,1427.457408,4.694971,1428.382748,1412.304665,1435.121927
KEY_REQUEST_RESPONSE,2,30,30,100.000,2479.230585,296.984199,2443.440190,1927.379816,3470.218283
ARL_UPDATE,3,30,30,100.000,1439.782729,101.874638,1509.193391,1321.218042,1562.335570
CT_SHARE,3,30,30,100.000,1365.195836,55.295178,1349.818884,1311.707277,1528.729840
KEY_REQUEST_RESPONSE,3,30,30,100.000,3030.089491,394.021299,3147.213166,2671.535630,4200.547911
ARL_UPDATE,4,30,30,100.000,1418.882634,14.837320,1414.350020,1394.228996,1447.915337
CT_SHARE,4,30,30,100.000,1414.251995,8.484888,1414.577398,1385.057558,1432.532413
KEY_REQUEST_RESPONSE,4,30,30,100.000,2637.228493,682.876460,2851.702896,1804.233785,3921.625512
ARL_UPDATE,5,30,30,100.000,1808.268475,426.909854,1542.447386,1504.374097,2463.601772
CT_SHARE,5,30,30,100.000,2143.481228,432.630760,2425.758497,1512.338912,2465.383292
KEY_REQUEST_RESPONSE,5,30,30,100.000,2809.209257,539.998674,3040.280370,1964.341701,3574.957550
ARL_UPDATE,10,30,30,100.000,1471.345650,23.880230,1469.629492,1415.297369,1514.583004
CT_SHARE,10,30,30,100.000,1462.554503,16.149973,1457.630784,1443.152982,1500.847606
KEY_REQUEST_RESPONSE,10,30,30,100.000,3761.754775,863.351349,3467.388797,2891.703549,5483.881367
