workflow,hops,iteration,run_id,source_node,destination_node,latency_ms,success
CT_SHARE,1,1,CT_SHARE_h1_001,U1,Authority,1448.488641,true
CT_SHARE,1,2,CT_SHARE_h1_002,U1,Authority,1449.604322,true
CT_SHARE,1,3,CT_SHARE_h1_003,U1,Authority,1452.348134,true
CT_SHARE,1,4,CT_SHARE_h1_004,U1,Authority,1452.391400,true
CT_SHARE,1,5,CT_SHARE_h1_005,U1,Authority,1453.332425,true
CT_SHARE,1,6,CT_SHARE_h1_006,U1,Authority,1446.145853,true
CT_SHARE,1,7,CT_SHARE_h1_007,U1,Authority,1416.556950,true
CT_SHARE,1,8,CT_SHARE_h1_008,U1,Authority,1460.952664,true
CT_SHARE,1,9,CT_SHARE_h1_009,U1,Authority,1452.012420,true
CT_SHARE,1,10,CT_SHARE_h1_010,U1,Authority,1454.196114,true
CT_SHARE,1,11,CT_SHARE_h1_011,U1,Authority,1453.681999,true
CT_SHARE,1,12,CT_SHARE_h1_012,U1,Authority,1421.742873,true
CT_SHARE,1,13,CT_SHARE_h1_013,U1,Authority,1423.208112,true
CT_SHARE,1,14,CT_SHARE_h1_014,U1,Authority,1392.041455,true
CT_SHARE,1,15,CT_SHARE_h1_015,U1,Authority,1417.179263,true
CT_SHARE,1,16,CT_SHARE_h1_016,U1,Authority,1449.711129,true
CT_SHARE,1,17,CT_SHARE_h1_017,U1,Authority,1425.295357,true
CT_SHARE,1,18,CT_SHARE_h1_018,U1,Authority,1429.418289,true
CT_SHARE,1,19,CT_SHARE_h1_019,U1,Authority,1422.585416,true
CT_SHARE,1,20,CT_SHARE_h1_020,U1,Authority,1449.119703,true
CT_SHARE,1,21,CT_SHARE_h1_021,U1,Authority,1421.552824,true
CT_SHARE,1,22,CT_SHARE_h1_022,U1,Authority,1419.987231,true
CT_SHARE,1,23,CT_SHARE_h1_023,U1,Authority,1421.349189,true
CT_SHARE,1,24,CT_SHARE_h1_024,U1,Authority,1423.948629,true
CT_SHARE,1,25,CT_SHARE_h1_025,U1,Authority,1428.038599,true
CT_SHARE,1,26,CT_SHARE_h1_026,U1,Authority,1459.215952,true
CT_SHARE,1,27,CT_SHARE_h1_027,U1,Authority,1412.309245,true
CT_SHARE,1,28,CT_SHARE_h1_028,U1,Authority,1416.700860,true
CT_SHARE,1,29,CT_SHARE_h1_029,U1,Authority,1448.837633,true
CT_SHARE,1,30,CT_SHARE_h1_030,U1,Authority,1421.591984,true
ARL_UPDATE,1,1,ARL_UPDATE_h1_001,Authority,U1,1334.391454,true
ARL_UPDATE,1,2,ARL_UPDATE_h1_002,Authority,U1,1541.337665,true
ARL_UPDATE,1,3,ARL_UPDATE_h1_003,Authority,U1,1331.774380,true
ARL_UPDATE,1,4,ARL_UPDATE_h1_004,Authority,U1,1331.680097,true
ARL_UPDATE,1,5,ARL_UPDATE_h1_005,Authority,U1,1331.787295,true
ARL_UPDATE,1,6,ARL_UPDATE_h1_006,Authority,U1,1331.190127,true
ARL_UPDATE,1,7,ARL_UPDATE_h1_007,Authority,U1,1331.380528,true
ARL_UPDATE,1,8,ARL_UPDATE_h1_008,Authority,U1,1361.056806,true
ARL_UPDATE,1,9,ARL_UPDATE_h1_009,Authority,U1,1331.970869,true
ARL_UPDATE,1,10,ARL_UPDATE_h1_010,Authority,U1,1328.535920,true
ARL_UPDATE,1,11,ARL_UPDATE_h1_011,Authority,U1,1328.023930,true
ARL_UPDATE,1,12,ARL_UPDATE_h1_012,Authority,U1,1362.160229,true
ARL_UPDATE,1,13,ARL_UPDATE_h1_013,Authority,U1,1331.219899,true
ARL_UPDATE,1,14,ARL_UPDATE_h1_014,Authority,U1,1332.958666,true
ARL_UPDATE,1,15,ARL_UPDATE_h1_015,Authority,U1,1328.703834,true
ARL_UPDATE,1,16,ARL_UPDATE_h1_016,Authority,U1,1332.184602,true
ARL_UPDATE,1,17,ARL_UPDATE_h1_017,Authority,U1,1323.718681,true
ARL_UPDATE,1,18,ARL_UPDATE_h1_018,Authority,U1,1322.853059,true
ARL_UPDATE,1,19,ARL_UPDATE_h1_019,Authority,U1,1329.358880,true
ARL_UPDATE,1,20,ARL_UPDATE_h1_020,Authority,U1,1352.364607,true
ARL_UPDATE,1,21,ARL_UPDATE_h1_021,Authority,U1,1329.080552,true
ARL_UPDATE,1,22,ARL_UPDATE_h1_022,Authority,U1,1324.874994,true
ARL_UPDATE,1,23,ARL_UPDATE_h1_023,Authority,U1,1330.593403,true
ARL_UPDATE,1,24,ARL_UPDATE_h1_024,Authority,U1,1329.534038,true
ARL_UPDATE,1,25,ARL_UPDATE_h1_025,Authority,U1,1329.814173,true
ARL_UPDATE,1,26,ARL_UPDATE_h1_026,Authority,U1,1333.286343,true
ARL_UPDATE,1,27,ARL_UPDATE_h1_027,Authority,U1,1332.881159,true
ARL_UPDATE,1,28,ARL_UPDATE_h1_028,Authority,U1,1326.303968,true
ARL_UPDATE,1,29,ARL_UPDATE_h1_029,Authority,U1,1324.825671,true
ARL_UPDATE,1,30,ARL_UPDATE_h1_030,Authority,U1,1355.498984,true
KEY_REQUEST_RESPONSE,1,1,bench_h1_key_001,U1,Authority,1744.558099,true
KEY_REQUEST_RESPONSE,1,2,bench_h1_key_002,U1,Authority,1747.217441,true
KEY_REQUEST_RESPONSE,1,3,bench_h1_key_003,U1,Authority,1776.044605,true
KEY_REQUEST_RESPONSE,1,4,bench_h1_key_004,U1,Authority,1769.398300,true
KEY_REQUEST_RESPONSE,1,5,bench_h1_key_005,U1,Authority,1779.696007,true
KEY_REQUEST_RESPONSE,1,6,bench_h1_key_006,U1,Authority,2251.078811,true
KEY_REQUEST_RESPONSE,1,7,bench_h1_key_007,U1,Authority,2256.568461,true
KEY_REQUEST_RESPONSE,1,8,bench_h1_key_008,U1,Authority,1741.670638,true
KEY_REQUEST_RESPONSE,1,9,bench_h1_key_009,U1,Authority,1774.873987,true
KEY_REQUEST_RESPONSE,1,10,bench_h1_key_010,U1,Authority,1748.261971,true
KEY_REQUEST_RESPONSE,1,11,bench_h1_key_011,U1,Authority,1775.320002,true
KEY_REQUEST_RESPONSE,1,12,bench_h1_key_012,U1,Authority,1777.039777,true
KEY_REQUEST_RESPONSE,1,13,bench_h1_key_013,U1,Authority,1778.846797,true
KEY_REQUEST_RESPONSE,1,14,bench_h1_key_014,U1,Authority,1778.806590,true
KEY_REQUEST_RESPONSE,1,15,bench_h1_key_015,U1,Authority,1771.200958,true
KEY_REQUEST_RESPONSE,1,16,bench_h1_key_016,U1,Authority,3273.530193,true
KEY_REQUEST_RESPONSE,1,17,bench_h1_key_017,U1,Authority,2247.662743,true
KEY_REQUEST_RESPONSE,1,18,bench_h1_key_018,U1,Authority,1768.667229,true
KEY_REQUEST_RESPONSE,1,19,bench_h1_key_019,U1,Authority,2248.049583,true
KEY_REQUEST_RESPONSE,1,20,bench_h1_key_020,U1,Authority,2791.415444,true
KEY_REQUEST_RESPONSE,1,21,bench_h1_key_021,U1,Authority,3276.079210,true
KEY_REQUEST_RESPONSE,1,22,bench_h1_key_022,U1,Authority,2255.263936,true
KEY_REQUEST_RESPONSE,1,23,bench_h1_key_023,U1,Authority,2252.812571,true
KEY_REQUEST_RESPONSE,1,24,bench_h1_key_024,U1,Authority,3277.110379,true
KEY_REQUEST_RESPONSE,1,25,bench_h1_key_025,U1,Authority,3274.898172,true
KEY_REQUEST_RESPONSE,1,26,bench_h1_key_026,U1,Authority,2253.563797,true
KEY_REQUEST_RESPONSE,1,27,bench_h1_key_027,U1,Authority,2763.621313,true
KEY_REQUEST_RESPONSE,1,28,bench_h1_key_028,U1,Authority,3277.888850,true
KEY_REQUEST_RESPONSE,1,29,bench_h1_key_029,U1,Authority,1736.585042,true
KEY_REQUEST_RESPONSE,1,30,bench_h1_key_030,U1,Authority,2251.584761,true
CT_SHARE,2,1,CT_SHARE_h2_001,U2,Authority,1431.981627,true
CT_SHARE,2,2,CT_SHARE_h2_002,U2,Authority,1431.648204,true
CT_SHARE,2,3,CT_SHARE_h2_003,U2,Authority,1423.094389,true
CT_SHARE,2,4,CT_SHARE_h2_004,U2,Authority,1430.904555,true
CT_SHARE,2,5,CT_SHARE_h2_005,U2,Authority,1425.820100,true
CT_SHARE,2,6,CT_SHARE_h2_006,U2,Authority,1432.989499,true
CT_SHARE,2,7,CT_SHARE_h2_007,U2,Authority,1431.567411,true
CT_SHARE,2,8,CT_SHARE_h2_008,U2,Authority,1425.253668,true
CT_SHARE,2,9,CT_SHARE_h2_009,U2,Authority,1424.633054,true
CT_SHARE,2,10,CT_SHARE_h2_010,U2,Authority,1424.702556,true
CT_SHARE,2,11,CT_SHARE_h2_011,U2,Authority,1435.121927,true
CT_SHARE,2,12,CT_SHARE_h2_012,U2,Authority,1420.298220,true
CT_SHARE,2,13,CT_SHARE_h2_013,U2,Authority,1421.471683,true
CT_SHARE,2,14,CT_SHARE_h2_014,U2,Authority,1428.792737,true
CT_SHARE,2,15,CT_SHARE_h2_015,U2,Authority,1428.968756,true
CT_SHARE,2,16,CT_SHARE_h2_016,U2,Authority,1425.675103,true
CT_SHARE,2,17,CT_SHARE_h2_017,U2,Authority,1427.057630,true
CT_SHARE,2,18,CT_SHARE_h2_018,U2,Authority,1426.634260,true
CT_SHARE,2,19,CT_SHARE_h2_019,U2,Authority,1412.304665,true
CT_SHARE,2,20,CT_SHARE_h2_020,U2,Authority,1427.994054,true
CT_SHARE,2,21,CT_SHARE_h2_021,U2,Authority,1428.718748,true
CT_SHARE,2,22,CT_SHARE_h2_022,U2,Authority,1430.591427,true
CT_SHARE,2,23,CT_SHARE_h2_023,U2,Authority,1428.046748,true
CT_SHARE,2,24,CT_SHARE_h2_024,U2,Authority,1432.280154,true
CT_SHARE,2,25,CT_SHARE_h2_025,U2,Authority,1426.222408,true
CT_SHARE,2,26,CT_SHARE_h2_026,U2,Authority,1430.127569,true
CT_SHARE,2,27,CT_SHARE_h2_027,U2,Authority,1429.830687,true
CT_SHARE,2,28,CT_SHARE_h2_028,U2,Authority,1431.514835,true
CT_SHARE,2,29,CT_SHARE_h2_029,U2,Authority,1420.535080,true
CT_SHARE,2,30,CT_SHARE_h2_030,U2,Authority,1428.940492,true
ARL_UPDATE,2,1,ARL_UPDATE_h2_001,Authority,U2,1532.757737,true
ARL_UPDATE,2,2,ARL_UPDATE_h2_002,Authority,U2,1532.903707,true
ARL_UPDATE,2,3,ARL_UPDATE_h2_003,Authority,U2,1533.336869,true
ARL_UPDATE,2,4,ARL_UPDATE_h2_004,Authority,U2,1325.817899,true
ARL_UPDATE,2,5,ARL_UPDATE_h2_005,Authority,U2,1320.716554,true
ARL_UPDATE,2,6,ARL_UPDATE_h2_006,Authority,U2,1529.033216,true
ARL_UPDATE,2,7,ARL_UPDATE_h2_007,Authority,U2,1528.018072,true
ARL_UPDATE,2,8,ARL_UPDATE_h2_008,Authority,U2,1323.058368,true
ARL_UPDATE,2,9,ARL_UPDATE_h2_009,Authority,U2,1530.251106,true
ARL_UPDATE,2,10,ARL_UPDATE_h2_010,Authority,U2,1525.588840,true
ARL_UPDATE,2,11,ARL_UPDATE_h2_011,Authority,U2,1531.502046,true
ARL_UPDATE,2,12,ARL_UPDATE_h2_012,Authority,U2,1531.427064,true
ARL_UPDATE,2,13,ARL_UPDATE_h2_013,Authority,U2,1532.034754,true
ARL_UPDATE,2,14,ARL_UPDATE_h2_014,Authority,U2,1533.822816,true
ARL_UPDATE,2,15,ARL_UPDATE_h2_015,Authority,U2,1529.499558,true
ARL_UPDATE,2,16,ARL_UPDATE_h2_016,Authority,U2,1529.384300,true
ARL_UPDATE,2,17,ARL_UPDATE_h2_017,Authority,U2,1522.514856,true
ARL_UPDATE,2,18,ARL_UPDATE_h2_018,Authority,U2,1326.592201,true
ARL_UPDATE,2,19,ARL_UPDATE_h2_019,Authority,U2,1533.947735,true
ARL_UPDATE,2,20,ARL_UPDATE_h2_020,Authority,U2,1529.765179,true
ARL_UPDATE,2,21,ARL_UPDATE_h2_021,Authority,U2,1531.856210,true
ARL_UPDATE,2,22,ARL_UPDATE_h2_022,Authority,U2,1523.671243,true
ARL_UPDATE,2,23,ARL_UPDATE_h2_023,Authority,U2,1528.475275,true
ARL_UPDATE,2,24,ARL_UPDATE_h2_024,Authority,U2,1527.157096,true
ARL_UPDATE,2,25,ARL_UPDATE_h2_025,Authority,U2,1525.387995,true
ARL_UPDATE,2,26,ARL_UPDATE_h2_026,Authority,U2,1527.116539,true
ARL_UPDATE,2,27,ARL_UPDATE_h2_027,Authority,U2,1527.571058,true
ARL_UPDATE,2,28,ARL_UPDATE_h2_028,Authority,U2,1523.189582,true
ARL_UPDATE,2,29,ARL_UPDATE_h2_029,Authority,U2,1525.854306,true
ARL_UPDATE,2,30,ARL_UPDATE_h2_030,Authority,U2,1524.235405,true
KEY_REQUEST_RESPONSE,2,1,bench_h2_key_001,U2,Authority,2443.285938,true
KEY_REQUEST_RESPONSE,2,2,bench_h2_key_002,U2,Authority,2446.479070,true
KEY_REQUEST_RESPONSE,2,3,bench_h2_key_003,U2,Authority,2439.704283,true
KEY_REQUEST_RESPONSE,2,4,bench_h2_key_004,U2,Authority,2443.254754,true
KEY_REQUEST_RESPONSE,2,5,bench_h2_key_005,U2,Authority,2449.313442,true
KEY_REQUEST_RESPONSE,2,6,bench_h2_key_006,U2,Authority,2445.330938,true
KEY_REQUEST_RESPONSE,2,7,bench_h2_key_007,U2,Authority,2439.844927,true
KEY_REQUEST_RESPONSE,2,8,bench_h2_key_008,U2,Authority,2440.795649,true
KEY_REQUEST_RESPONSE,2,9,bench_h2_key_009,U2,Authority,2443.513328,true
KEY_REQUEST_RESPONSE,2,10,bench_h2_key_010,U2,Authority,2438.973974,true
KEY_REQUEST_RESPONSE,2,11,bench_h2_key_011,U2,Authority,3462.593782,true
KEY_REQUEST_RESPONSE,2,12,bench_h2_key_012,U2,Authority,3470.218283,true
KEY_REQUEST_RESPONSE,2,13,bench_h2_key_013,U2,Authority,1958.060313,true
KEY_REQUEST_RESPONSE,2,14,bench_h2_key_014,U2,Authority,2448.431182,true
KEY_REQUEST_RESPONSE,2,15,bench_h2_key_015,U2,Authority,2445.801597,true
KEY_REQUEST_RESPONSE,2,16,bench_h2_key_016,U2,Authority,2441.955858,true
KEY_REQUEST_RESPONSE,2,17,bench_h2_key_017,U2,Authority,2445.955695,true
KEY_REQUEST_RESPONSE,2,18,bench_h2_key_018,U2,Authority,2439.225763,true
KEY_REQUEST_RESPONSE,2,19,bench_h2_key_019,U2,Authority,2445.007197,true
KEY_REQUEST_RESPONSE,2,20,bench_h2_key_020,U2,Authority,2438.958768,true
KEY_REQUEST_RESPONSE,2,21,bench_h2_key_021,U2,Authority,2444.969206,true
KEY_REQUEST_RESPONSE,2,22,bench_h2_key_022,U2,Authority,1927.379816,true
KEY_REQUEST_RESPONSE,2,23,bench_h2_key_023,U2,Authority,2442.462384,true
KEY_REQUEST_RESPONSE,2,24,bench_h2_key_024,U2,Authority,2444.707731,true
KEY_REQUEST_RESPONSE,2,25,bench_h2_key_025,U2,Authority,2446.077965,true
KEY_REQUEST_RESPONSE,2,26,bench_h2_key_026,U2,Authority,2443.425104,true
KEY_REQUEST_RESPONSE,2,27,bench_h2_key_027,U2,Authority,2441.633926,true
KEY_REQUEST_RESPONSE,2,28,bench_h2_key_028,U2,Authority,2443.455277,true
KEY_REQUEST_RESPONSE,2,29,bench_h2_key_029,U2,Authority,2438.872743,true
KEY_REQUEST_RESPONSE,2,30,bench_h2_key_030,U2,Authority,2477.228660,true
CT_SHARE,3,1,CT_SHARE_h3_001,U3,Authority,1353.102447,true
CT_SHARE,3,2,CT_SHARE_h3_002,U3,Authority,1353.803864,true
CT_SHARE,3,3,CT_SHARE_h3_003,U3,Authority,1358.524517,true
CT_SHARE,3,4,CT_SHARE_h3_004,U3,Authority,1346.937550,true
CT_SHARE,3,5,CT_SHARE_h3_005,U3,Authority,1353.073690,true
CT_SHARE,3,6,CT_SHARE_h3_006,U3,Authority,1344.394379,true
CT_SHARE,3,7,CT_SHARE_h3_007,U3,Authority,1345.417282,true
CT_SHARE,3,8,CT_SHARE_h3_008,U3,Authority,1354.461793,true
CT_SHARE,3,9,CT_SHARE_h3_009,U3,Authority,1356.549907,true
CT_SHARE,3,10,CT_SHARE_h3_010,U3,Authority,1344.242998,true
CT_SHARE,3,11,CT_SHARE_h3_011,U3,Authority,1351.232133,true
CT_SHARE,3,12,CT_SHARE_h3_012,U3,Authority,1347.465452,true
CT_SHARE,3,13,CT_SHARE_h3_013,U3,Authority,1347.060558,true
CT_SHARE,3,14,CT_SHARE_h3_014,U3,Authority,1346.529302,true
CT_SHARE,3,15,CT_SHARE_h3_015,U3,Authority,1349.408000,true
CT_SHARE,3,16,CT_SHARE_h3_016,U3,Authority,1350.750808,true
CT_SHARE,3,17,CT_SHARE_h3_017,U3,Authority,1351.073918,true
CT_SHARE,3,18,CT_SHARE_h3_018,U3,Authority,1351.409352,true
CT_SHARE,3,19,CT_SHARE_h3_019,U3,Authority,1345.223664,true
CT_SHARE,3,20,CT_SHARE_h3_020,U3,Authority,1340.935685,true
CT_SHARE,3,21,CT_SHARE_h3_021,U3,Authority,1352.565294,true
CT_SHARE,3,22,CT_SHARE_h3_022,U3,Authority,1350.229769,true
CT_SHARE,3,23,CT_SHARE_h3_023,U3,Authority,1349.149924,true
CT_SHARE,3,24,CT_SHARE_h3_024,U3,Authority,1346.836791,true
CT_SHARE,3,25,CT_SHARE_h3_025,U3,Authority,1348.063649,true
CT_SHARE,3,26,CT_SHARE_h3_026,U3,Authority,1327.079033,true
CT_SHARE,3,27,CT_SHARE_h3_027,U3,Authority,1528.729840,true
CT_SHARE,3,28,CT_SHARE_h3_028,U3,Authority,1522.035703,true
CT_SHARE,3,29,CT_SHARE_h3_029,U3,Authority,1311.707277,true
CT_SHARE,3,30,CT_SHARE_h3_030,U3,Authority,1527.880501,true
ARL_UPDATE,3,1,ARL_UPDATE_h3_001,Authority,U3,1322.603774,true
ARL_UPDATE,3,2,ARL_UPDATE_h3_002,Authority,U3,1352.559581,true
ARL_UPDATE,3,3,ARL_UPDATE_h3_003,Authority,U3,1325.211619,true
ARL_UPDATE,3,4,ARL_UPDATE_h3_004,Authority,U3,1323.458568,true
ARL_UPDATE,3,5,ARL_UPDATE_h3_005,Authority,U3,1322.432955,true
ARL_UPDATE,3,6,ARL_UPDATE_h3_006,Authority,U3,1352.041601,true
ARL_UPDATE,3,7,ARL_UPDATE_h3_007,Authority,U3,1325.381340,true
ARL_UPDATE,3,8,ARL_UPDATE_h3_008,Authority,U3,1526.980422,true
ARL_UPDATE,3,9,ARL_UPDATE_h3_009,Authority,U3,1530.149697,true
ARL_UPDATE,3,10,ARL_UPDATE_h3_010,Authority,U3,1529.691833,true
ARL_UPDATE,3,11,ARL_UPDATE_h3_011,Authority,U3,1321.224292,true
ARL_UPDATE,3,12,ARL_UPDATE_h3_012,Authority,U3,1558.496451,true
ARL_UPDATE,3,13,ARL_UPDATE_h3_013,Authority,U3,1324.452466,true
ARL_UPDATE,3,14,ARL_UPDATE_h3_014,Authority,U3,1346.135022,true
ARL_UPDATE,3,15,ARL_UPDATE_h3_015,Authority,U3,1525.626465,true
ARL_UPDATE,3,16,ARL_UPDATE_h3_016,Authority,U3,1345.971709,true
ARL_UPDATE,3,17,ARL_UPDATE_h3_017,Authority,U3,1525.431514,true
ARL_UPDATE,3,18,ARL_UPDATE_h3_018,Authority,U3,1557.191201,true
ARL_UPDATE,3,19,ARL_UPDATE_h3_019,Authority,U3,1347.934178,true
ARL_UPDATE,3,20,ARL_UPDATE_h3_020,Authority,U3,1550.131640,true
ARL_UPDATE,3,21,ARL_UPDATE_h3_021,Authority,U3,1544.950392,true
ARL_UPDATE,3,22,ARL_UPDATE_h3_022,Authority,U3,1562.335570,true
ARL_UPDATE,3,23,ARL_UPDATE_h3_023,Authority,U3,1521.160098,true
ARL_UPDATE,3,24,ARL_UPDATE_h3_024,Authority,U3,1515.020803,true
ARL_UPDATE,3,25,ARL_UPDATE_h3_025,Authority,U3,1503.365979,true
ARL_UPDATE,3,26,ARL_UPDATE_h3_026,Authority,U3,1520.766377,true
ARL_UPDATE,3,27,ARL_UPDATE_h3_027,Authority,U3,1518.470248,true
ARL_UPDATE,3,28,ARL_UPDATE_h3_028,Authority,U3,1529.308867,true
ARL_UPDATE,3,29,ARL_UPDATE_h3_029,Authority,U3,1343.779171,true
ARL_UPDATE,3,30,ARL_UPDATE_h3_030,Authority,U3,1321.218042,true
KEY_REQUEST_RESPONSE,3,1,bench_h3_key_001,U3,Authority,2738.135396,true
KEY_REQUEST_RESPONSE,3,2,bench_h3_key_002,U3,Authority,3243.900996,true
KEY_REQUEST_RESPONSE,3,3,bench_h3_key_003,U3,Authority,3183.062371,true
KEY_REQUEST_RESPONSE,3,4,bench_h3_key_004,U3,Authority,2671.535630,true
KEY_REQUEST_RESPONSE,3,5,bench_h3_key_005,U3,Authority,2700.487006,true
KEY_REQUEST_RESPONSE,3,6,bench_h3_key_006,U3,Authority,2704.167147,true
KEY_REQUEST_RESPONSE,3,7,bench_h3_key_007,U3,Authority,3186.540702,true
KEY_REQUEST_RESPONSE,3,8,bench_h3_key_008,U3,Authority,3186.702031,true
KEY_REQUEST_RESPONSE,3,9,bench_h3_key_009,U3,Authority,2709.083856,true
KEY_REQUEST_RESPONSE,3,10,bench_h3_key_010,U3,Authority,2730.574900,true
KEY_REQUEST_RESPONSE,3,11,bench_h3_key_011,U3,Authority,3222.554184,true
KEY_REQUEST_RESPONSE,3,12,bench_h3_key_012,U3,Authority,2674.335641,true
KEY_REQUEST_RESPONSE,3,13,bench_h3_key_013,U3,Authority,2701.591750,true
KEY_REQUEST_RESPONSE,3,14,bench_h3_key_014,U3,Authority,2744.089466,true
KEY_REQUEST_RESPONSE,3,15,bench_h3_key_015,U3,Authority,3239.673534,true
KEY_REQUEST_RESPONSE,3,16,bench_h3_key_016,U3,Authority,3190.171693,true
KEY_REQUEST_RESPONSE,3,17,bench_h3_key_017,U3,Authority,2698.430264,true
KEY_REQUEST_RESPONSE,3,18,bench_h3_key_018,U3,Authority,2675.506585,true
KEY_REQUEST_RESPONSE,3,19,bench_h3_key_019,U3,Authority,3185.887039,true
KEY_REQUEST_RESPONSE,3,20,bench_h3_key_020,U3,Authority,3152.699639,true
KEY_REQUEST_RESPONSE,3,21,bench_h3_key_021,U3,Authority,3178.975458,true
KEY_REQUEST_RESPONSE,3,22,bench_h3_key_022,U3,Authority,3145.503591,true
KEY_REQUEST_RESPONSE,3,23,bench_h3_key_023,U3,Authority,4200.547911,true
KEY_REQUEST_RESPONSE,3,24,bench_h3_key_024,U3,Authority,2736.741715,true
KEY_REQUEST_RESPONSE,3,25,bench_h3_key_025,U3,Authority,3190.527964,true
KEY_REQUEST_RESPONSE,3,26,bench_h3_key_026,U3,Authority,3181.633752,true
KEY_REQUEST_RESPONSE,3,27,bench_h3_key_027,U3,Authority,2737.265580,true
KEY_REQUEST_RESPONSE,3,28,bench_h3_key_028,U3,Authority,2674.032403,true
KEY_REQUEST_RESPONSE,3,29,bench_h3_key_029,U3,Authority,3148.922740,true
KEY_REQUEST_RESPONSE,3,30,bench_h3_key_030,U3,Authority,4169.403781,true
CT_SHARE,4,1,CT_SHARE_h4_001,U4,Authority,1424.955630,true
CT_SHARE,4,2,CT_SHARE_h4_002,U4,Authority,1411.571977,true
CT_SHARE,4,3,CT_SHARE_h4_003,U4,Authority,1414.731009,true
CT_SHARE,4,4,CT_SHARE_h4_004,U4,Authority,1414.741038,true
CT_SHARE,4,5,CT_SHARE_h4_005,U4,Authority,1385.057558,true
CT_SHARE,4,6,CT_SHARE_h4_006,U4,Authority,1421.481863,true
CT_SHARE,4,7,CT_SHARE_h4_007,U4,Authority,1414.360091,true
CT_SHARE,4,8,CT_SHARE_h4_008,U4,Authority,1407.402085,true
CT_SHARE,4,9,CT_SHARE_h4_009,U4,Authority,1422.792723,true
CT_SHARE,4,10,CT_SHARE_h4_010,U4,Authority,1416.796615,true
CT_SHARE,4,11,CT_SHARE_h4_011,U4,Authority,1408.679245,true
CT_SHARE,4,12,CT_SHARE_h4_012,U4,Authority,1404.259593,true
CT_SHARE,4,13,CT_SHARE_h4_013,U4,Authority,1412.115541,true
CT_SHARE,4,14,CT_SHARE_h4_014,U4,Authority,1417.785528,true
CT_SHARE,4,15,CT_SHARE_h4_015,U4,Authority,1415.168974,true
CT_SHARE,4,16,CT_SHARE_h4_016,U4,Authority,1419.966126,true
CT_SHARE,4,17,CT_SHARE_h4_017,U4,Authority,1413.741818,true
CT_SHARE,4,18,CT_SHARE_h4_018,U4,Authority,1414.967219,true
CT_SHARE,4,19,CT_SHARE_h4_019,U4,Authority,1411.850317,true
CT_SHARE,4,20,CT_SHARE_h4_020,U4,Authority,1413.229937,true
CT_SHARE,4,21,CT_SHARE_h4_021,U4,Authority,1412.473577,true
CT_SHARE,4,22,CT_SHARE_h4_022,U4,Authority,1415.623723,true
CT_SHARE,4,23,CT_SHARE_h4_023,U4,Authority,1425.089571,true
CT_SHARE,4,24,CT_SHARE_h4_024,U4,Authority,1418.621271,true
CT_SHARE,4,25,CT_SHARE_h4_025,U4,Authority,1400.178481,true
CT_SHARE,4,26,CT_SHARE_h4_026,U4,Authority,1414.423787,true
CT_SHARE,4,27,CT_SHARE_h4_027,U4,Authority,1421.236337,true
CT_SHARE,4,28,CT_SHARE_h4_028,U4,Authority,1432.532413,true
CT_SHARE,4,29,CT_SHARE_h4_029,U4,Authority,1410.935740,true
CT_SHARE,4,30,CT_SHARE_h4_030,U4,Authority,1410.790053,true
ARL_UPDATE,4,1,ARL_UPDATE_h4_001,Authority,U4,1413.893741,true
ARL_UPDATE,4,2,ARL_UPDATE_h4_002,Authority,U4,1421.846636,true
ARL_UPDATE,4,3,ARL_UPDATE_h4_003,Authority,U4,1395.515286,true
ARL_UPDATE,4,4,ARL_UPDATE_h4_004,Authority,U4,1446.933937,true
ARL_UPDATE,4,5,ARL_UPDATE_h4_005,Authority,U4,1417.617790,true
ARL_UPDATE,4,6,ARL_UPDATE_h4_006,Authority,U4,1447.915337,true
ARL_UPDATE,4,7,ARL_UPDATE_h4_007,Authority,U4,1412.199645,true
ARL_UPDATE,4,8,ARL_UPDATE_h4_008,Authority,U4,1406.262279,true
ARL_UPDATE,4,9,ARL_UPDATE_h4_009,Authority,U4,1440.680763,true
ARL_UPDATE,4,10,ARL_UPDATE_h4_010,Authority,U4,1412.223737,true
ARL_UPDATE,4,11,ARL_UPDATE_h4_011,Authority,U4,1413.661407,true
ARL_UPDATE,4,12,ARL_UPDATE_h4_012,Authority,U4,1411.085342,true
ARL_UPDATE,4,13,ARL_UPDATE_h4_013,Authority,U4,1416.725033,true
ARL_UPDATE,4,14,ARL_UPDATE_h4_014,Authority,U4,1410.592870,true
ARL_UPDATE,4,15,ARL_UPDATE_h4_015,Authority,U4,1445.677668,true
ARL_UPDATE,4,16,ARL_UPDATE_h4_016,Authority,U4,1414.046967,true
ARL_UPDATE,4,17,ARL_UPDATE_h4_017,Authority,U4,1408.006757,true
ARL_UPDATE,4,18,ARL_UPDATE_h4_018,Authority,U4,1438.914797,true
ARL_UPDATE,4,19,ARL_UPDATE_h4_019,Authority,U4,1418.939192,true
ARL_UPDATE,4,20,ARL_UPDATE_h4_020,Authority,U4,1418.276501,true
ARL_UPDATE,4,21,ARL_UPDATE_h4_021,Authority,U4,1414.077211,true
ARL_UPDATE,4,22,ARL_UPDATE_h4_022,Authority,U4,1438.451749,true
ARL_UPDATE,4,23,ARL_UPDATE_h4_023,Authority,U4,1439.741932,true
ARL_UPDATE,4,24,ARL_UPDATE_h4_024,Authority,U4,1414.622829,true
ARL_UPDATE,4,25,ARL_UPDATE_h4_025,Authority,U4,1409.922081,true
ARL_UPDATE,4,26,ARL_UPDATE_h4_026,Authority,U4,1406.188267,true
ARL_UPDATE,4,27,ARL_UPDATE_h4_027,Authority,U4,1415.061067,true
ARL_UPDATE,4,28,ARL_UPDATE_h4_028,Authority,U4,1394.228996,true
ARL_UPDATE,4,29,ARL_UPDATE_h4_029,Authority,U4,1421.517354,true
ARL_UPDATE,4,30,ARL_UPDATE_h4_030,Authority,U4,1401.651836,true
KEY_REQUEST_RESPONSE,4,1,bench_h4_key_001,U4,Authority,1805.922841,true
KEY_REQUEST_RESPONSE,4,2,bench_h4_key_002,U4,Authority,1810.900875,true
KEY_REQUEST_RESPONSE,4,3,bench_h4_key_003,U4,Authority,1804.233785,true
KEY_REQUEST_RESPONSE,4,4,bench_h4_key_004,U4,Authority,2345.805485,true
KEY_REQUEST_RESPONSE,4,5,bench_h4_key_005,U4,Authority,2894.510125,true
KEY_REQUEST_RESPONSE,4,6,bench_h4_key_006,U4,Authority,2863.762923,true
KEY_REQUEST_RESPONSE,4,7,bench_h4_key_007,U4,Authority,3921.625512,true
KEY_REQUEST_RESPONSE,4,8,bench_h4_key_008,U4,Authority,2865.841085,true
KEY_REQUEST_RESPONSE,4,9,bench_h4_key_009,U4,Authority,3886.940447,true
KEY_REQUEST_RESPONSE,4,10,bench_h4_key_010,U4,Authority,2839.642869,true
KEY_REQUEST_RESPONSE,4,11,bench_h4_key_011,U4,Authority,2867.734467,true
KEY_REQUEST_RESPONSE,4,12,bench_h4_key_012,U4,Authority,2870.958736,true
KEY_REQUEST_RESPONSE,4,13,bench_h4_key_013,U4,Authority,2929.300569,true
KEY_REQUEST_RESPONSE,4,14,bench_h4_key_014,U4,Authority,2894.303171,true
KEY_REQUEST_RESPONSE,4,15,bench_h4_key_015,U4,Authority,2905.682666,true
KEY_REQUEST_RESPONSE,4,16,bench_h4_key_016,U4,Authority,3377.121412,true
KEY_REQUEST_RESPONSE,4,17,bench_h4_key_017,U4,Authority,1813.564798,true
KEY_REQUEST_RESPONSE,4,18,bench_h4_key_018,U4,Authority,2836.042085,true
KEY_REQUEST_RESPONSE,4,19,bench_h4_key_019,U4,Authority,1837.601539,true
KEY_REQUEST_RESPONSE,4,20,bench_h4_key_020,U4,Authority,1815.193065,true
KEY_REQUEST_RESPONSE,4,21,bench_h4_key_021,U4,Authority,1805.779347,true
KEY_REQUEST_RESPONSE,4,22,bench_h4_key_022,U4,Authority,1835.757322,true
KEY_REQUEST_RESPONSE,4,23,bench_h4_key_023,U4,Authority,1809.154485,true
KEY_REQUEST_RESPONSE,4,24,bench_h4_key_024,U4,Authority,3380.946082,true
KEY_REQUEST_RESPONSE,4,25,bench_h4_key_025,U4,Authority,3384.229122,true
KEY_REQUEST_RESPONSE,4,26,bench_h4_key_026,U4,Authority,1812.564905,true
KEY_REQUEST_RESPONSE,4,27,bench_h4_key_027,U4,Authority,2835.814449,true
KEY_REQUEST_RESPONSE,4,28,bench_h4_key_028,U4,Authority,3379.615712,true
KEY_REQUEST_RESPONSE,4,29,bench_h4_key_029,U4,Authority,3367.881211,true
KEY_REQUEST_RESPONSE,4,30,bench_h4_key_030,U4,Authority,2318.423695,true
CT_SHARE,5,1,CT_SHARE_h5_001,U5,Authority,2465.383292,true
CT_SHARE,5,2,CT_SHARE_h5_002,U5,Authority,2459.553685,true
CT_SHARE,5,3,CT_SHARE_h5_003,U5,Authority,2448.263345,true
CT_SHARE,5,4,CT_SHARE_h5_004,U5,Authority,2456.064696,true
CT_SHARE,5,5,CT_SHARE_h5_005,U5,Authority,2450.597562,true
CT_SHARE,5,6,CT_SHARE_h5_006,U5,Authority,1581.039701,true
CT_SHARE,5,7,CT_SHARE_h5_007,U5,Authority,2456.023161,true
CT_SHARE,5,8,CT_SHARE_h5_008,U5,Authority,1534.318537,true
CT_SHARE,5,9,CT_SHARE_h5_009,U5,Authority,1555.710933,true
CT_SHARE,5,10,CT_SHARE_h5_010,U5,Authority,2414.072886,true
CT_SHARE,5,11,CT_SHARE_h5_011,U5,Authority,2432.265975,true
CT_SHARE,5,12,CT_SHARE_h5_012,U5,Authority,1535.903648,true
CT_SHARE,5,13,CT_SHARE_h5_013,U5,Authority,2458.986387,true
CT_SHARE,5,14,CT_SHARE_h5_014,U5,Authority,2458.590601,true
CT_SHARE,5,15,CT_SHARE_h5_015,U5,Authority,2458.377873,true
CT_SHARE,5,16,CT_SHARE_h5_016,U5,Authority,2424.296078,true
CT_SHARE,5,17,CT_SHARE_h5_017,U5,Authority,2452.263005,true
CT_SHARE,5,18,CT_SHARE_h5_018,U5,Authority,2419.712987,true
CT_SHARE,5,19,CT_SHARE_h5_019,U5,Authority,1512.338912,true
CT_SHARE,5,20,CT_SHARE_h5_020,U5,Authority,1538.867498,true
CT_SHARE,5,21,CT_SHARE_h5_021,U5,Authority,2459.654668,true
CT_SHARE,5,22,CT_SHARE_h5_022,U5,Authority,1539.812376,true
CT_SHARE,5,23,CT_SHARE_h5_023,U5,Authority,2430.133107,true
CT_SHARE,5,24,CT_SHARE_h5_024,U5,Authority,2427.220917,true
CT_SHARE,5,25,CT_SHARE_h5_025,U5,Authority,2463.033447,true
CT_SHARE,5,26,CT_SHARE_h5_026,U5,Authority,2423.863345,true
CT_SHARE,5,27,CT_SHARE_h5_027,U5,Authority,2421.888519,true
CT_SHARE,5,28,CT_SHARE_h5_028,U5,Authority,1552.136665,true
CT_SHARE,5,29,CT_SHARE_h5_029,U5,Authority,1546.351116,true
CT_SHARE,5,30,CT_SHARE_h5_030,U5,Authority,1527.711907,true
ARL_UPDATE,5,1,ARL_UPDATE_h5_001,Authority,U5,1552.820550,true
ARL_UPDATE,5,2,ARL_UPDATE_h5_002,Authority,U5,1551.008596,true
ARL_UPDATE,5,3,ARL_UPDATE_h5_003,Authority,U5,1544.052762,true
ARL_UPDATE,5,4,ARL_UPDATE_h5_004,Authority,U5,2463.601772,true
ARL_UPDATE,5,5,ARL_UPDATE_h5_005,Authority,U5,2460.084006,true
ARL_UPDATE,5,6,ARL_UPDATE_h5_006,Authority,U5,2456.883296,true
ARL_UPDATE,5,7,ARL_UPDATE_h5_007,Authority,U5,2456.830546,true
ARL_UPDATE,5,8,ARL_UPDATE_h5_008,Authority,U5,1527.192130,true
ARL_UPDATE,5,9,ARL_UPDATE_h5_009,Authority,U5,1523.884628,true
ARL_UPDATE,5,10,ARL_UPDATE_h5_010,Authority,U5,1515.186211,true
ARL_UPDATE,5,11,ARL_UPDATE_h5_011,Authority,U5,1541.249361,true
ARL_UPDATE,5,12,ARL_UPDATE_h5_012,Authority,U5,1544.481248,true
ARL_UPDATE,5,13,ARL_UPDATE_h5_013,Authority,U5,1541.856289,true
ARL_UPDATE,5,14,ARL_UPDATE_h5_014,Authority,U5,2426.605611,true
ARL_UPDATE,5,15,ARL_UPDATE_h5_015,Authority,U5,1545.210276,true
ARL_UPDATE,5,16,ARL_UPDATE_h5_016,Authority,U5,1540.588293,true
ARL_UPDATE,5,17,ARL_UPDATE_h5_017,Authority,U5,1538.913728,true
ARL_UPDATE,5,18,ARL_UPDATE_h5_018,Authority,U5,2459.827405,true
ARL_UPDATE,5,19,ARL_UPDATE_h5_019,Authority,U5,2415.693222,true
ARL_UPDATE,5,20,ARL_UPDATE_h5_020,Authority,U5,1531.212101,true
ARL_UPDATE,5,21,ARL_UPDATE_h5_021,Authority,U5,2454.717220,true
ARL_UPDATE,5,22,ARL_UPDATE_h5_022,Authority,U5,1510.644062,true
ARL_UPDATE,5,23,ARL_UPDATE_h5_023,Authority,U5,1540.878104,true
ARL_UPDATE,5,24,ARL_UPDATE_h5_024,Authority,U5,2447.119832,true
ARL_UPDATE,5,25,ARL_UPDATE_h5_025,Authority,U5,1516.661203,true
ARL_UPDATE,5,26,ARL_UPDATE_h5_026,Authority,U5,1540.417499,true
ARL_UPDATE,5,27,ARL_UPDATE_h5_027,Authority,U5,1540.882789,true
ARL_UPDATE,5,28,ARL_UPDATE_h5_028,Authority,U5,1504.374097,true
ARL_UPDATE,5,29,ARL_UPDATE_h5_029,Authority,U5,1512.138938,true
ARL_UPDATE,5,30,ARL_UPDATE_h5_030,Authority,U5,1543.038484,true
KEY_REQUEST_RESPONSE,5,1,bench_h5_key_001,U5,Authority,2003.514263,true
KEY_REQUEST_RESPONSE,5,2,bench_h5_key_002,U5,Authority,2038.177841,true
KEY_REQUEST_RESPONSE,5,3,bench_h5_key_003,U5,Authority,3022.984071,true
KEY_REQUEST_RESPONSE,5,4,bench_h5_key_004,U5,Authority,2024.902049,true
KEY_REQUEST_RESPONSE,5,5,bench_h5_key_005,U5,Authority,2543.854481,true
KEY_REQUEST_RESPONSE,5,6,bench_h5_key_006,U5,Authority,3056.388399,true
KEY_REQUEST_RESPONSE,5,7,bench_h5_key_007,U5,Authority,3082.170652,true
KEY_REQUEST_RESPONSE,5,8,bench_h5_key_008,U5,Authority,3061.186419,true
KEY_REQUEST_RESPONSE,5,9,bench_h5_key_009,U5,Authority,3058.245420,true
KEY_REQUEST_RESPONSE,5,10,bench_h5_key_010,U5,Authority,3574.957550,true
KEY_REQUEST_RESPONSE,5,11,bench_h5_key_011,U5,Authority,2036.254167,true
KEY_REQUEST_RESPONSE,5,12,bench_h5_key_012,U5,Authority,3540.917671,true
KEY_REQUEST_RESPONSE,5,13,bench_h5_key_013,U5,Authority,3060.260618,true
KEY_REQUEST_RESPONSE,5,14,bench_h5_key_014,U5,Authority,3061.085531,true
KEY_REQUEST_RESPONSE,5,15,bench_h5_key_015,U5,Authority,3000.046503,true
KEY_REQUEST_RESPONSE,5,16,bench_h5_key_016,U5,Authority,3538.222675,true
KEY_REQUEST_RESPONSE,5,17,bench_h5_key_017,U5,Authority,3058.147533,true
KEY_REQUEST_RESPONSE,5,18,bench_h5_key_018,U5,Authority,2510.456851,true
KEY_REQUEST_RESPONSE,5,19,bench_h5_key_019,U5,Authority,3050.517433,true
KEY_REQUEST_RESPONSE,5,20,bench_h5_key_020,U5,Authority,3122.290725,true
KEY_REQUEST_RESPONSE,5,21,bench_h5_key_021,U5,Authority,3084.649499,true
KEY_REQUEST_RESPONSE,5,22,bench_h5_key_022,U5,Authority,3089.614611,true
KEY_REQUEST_RESPONSE,5,23,bench_h5_key_023,U5,Authority,3568.811005,true
KEY_REQUEST_RESPONSE,5,24,bench_h5_key_024,U5,Authority,2034.083573,true
KEY_REQUEST_RESPONSE,5,25,bench_h5_key_025,U5,Authority,3029.262614,true
KEY_REQUEST_RESPONSE,5,26,bench_h5_key_026,U5,Authority,3030.043307,true
KEY_REQUEST_RESPONSE,5,27,bench_h5_key_027,U5,Authority,2002.505738,true
KEY_REQUEST_RESPONSE,5,28,bench_h5_key_028,U5,Authority,1998.844415,true
KEY_REQUEST_RESPONSE,5,29,bench_h5_key_029,U5,Authority,1964.341701,true
KEY_REQUEST_RESPONSE,5,30,bench_h5_key_030,U5,Authority,3029.540387,true
CT_SHARE,10,1,CT_SHARE_h10_001,U10,Authority,1451.315688,true
CT_SHARE,10,2,CT_SHARE_h10_002,U10,Authority,1450.264941,true
CT_SHARE,10,3,CT_SHARE_h10_003,U10,Authority,1479.565542,true
CT_SHARE,10,4,CT_SHARE_h10_004,U10,Authority,1483.063015,true
CT_SHARE,10,5,CT_SHARE_h10_005,U10,Authority,1449.078595,true
CT_SHARE,10,6,CT_SHARE_h10_006,U10,Authority,1473.688391,true
CT_SHARE,10,7,CT_SHARE_h10_007,U10,Authority,1491.397711,true
CT_SHARE,10,8,CT_SHARE_h10_008,U10,Authority,1445.435884,true
CT_SHARE,10,9,CT_SHARE_h10_009,U10,Authority,1472.816278,true
CT_SHARE,10,10,CT_SHARE_h10_010,U10,Authority,1450.104940,true
CT_SHARE,10,11,CT_SHARE_h10_011,U10,Authority,1447.645929,true
CT_SHARE,10,12,CT_SHARE_h10_012,U10,Authority,1475.021487,true
CT_SHARE,10,13,CT_SHARE_h10_013,U10,Authority,1480.894220,true
CT_SHARE,10,14,CT_SHARE_h10_014,U10,Authority,1460.654295,true
CT_SHARE,10,15,CT_SHARE_h10_015,U10,Authority,1466.581875,true
CT_SHARE,10,16,CT_SHARE_h10_016,U10,Authority,1443.706467,true
CT_SHARE,10,17,CT_SHARE_h10_017,U10,Authority,1451.852406,true
CT_SHARE,10,18,CT_SHARE_h10_018,U10,Authority,1454.607272,true
CT_SHARE,10,19,CT_SHARE_h10_019,U10,Authority,1468.811769,true
CT_SHARE,10,20,CT_SHARE_h10_020,U10,Authority,1447.757121,true
CT_SHARE,10,21,CT_SHARE_h10_021,U10,Authority,1472.870172,true
CT_SHARE,10,22,CT_SHARE_h10_022,U10,Authority,1449.533050,true
CT_SHARE,10,23,CT_SHARE_h10_023,U10,Authority,1446.435679,true
CT_SHARE,10,24,CT_SHARE_h10_024,U10,Authority,1500.847606,true
CT_SHARE,10,25,CT_SHARE_h10_025,U10,Authority,1476.737330,true
CT_SHARE,10,26,CT_SHARE_h10_026,U10,Authority,1446.136993,true
CT_SHARE,10,27,CT_SHARE_h10_027,U10,Authority,1448.213294,true
CT_SHARE,10,28,CT_SHARE_h10_028,U10,Authority,1443.152982,true
CT_SHARE,10,29,CT_SHARE_h10_029,U10,Authority,1478.318217,true
CT_SHARE,10,30,CT_SHARE_h10_030,U10,Authority,1470.125927,true
ARL_UPDATE,10,1,ARL_UPDATE_h10_001,Authority,U10,1510.552312,true
ARL_UPDATE,10,2,ARL_UPDATE_h10_002,Authority,U10,1479.653931,true
ARL_UPDATE,10,3,ARL_UPDATE_h10_003,Authority,U10,1478.728015,true
ARL_UPDATE,10,4,ARL_UPDATE_h10_004,Authority,U10,1506.768073,true
ARL_UPDATE,10,5,ARL_UPDATE_h10_005,Authority,U10,1514.583004,true
ARL_UPDATE,10,6,ARL_UPDATE_h10_006,Authority,U10,1471.301419,true
ARL_UPDATE,10,7,ARL_UPDATE_h10_007,Authority,U10,1478.616422,true
ARL_UPDATE,10,8,ARL_UPDATE_h10_008,Authority,U10,1471.304366,true
ARL_UPDATE,10,9,ARL_UPDATE_h10_009,Authority,U10,1478.806958,true
ARL_UPDATE,10,10,ARL_UPDATE_h10_010,Authority,U10,1470.255789,true
ARL_UPDATE,10,11,ARL_UPDATE_h10_011,Authority,U10,1504.710416,true
ARL_UPDATE,10,12,ARL_UPDATE_h10_012,Authority,U10,1469.371823,true
ARL_UPDATE,10,13,ARL_UPDATE_h10_013,Authority,U10,1435.658496,true
ARL_UPDATE,10,14,ARL_UPDATE_h10_014,Authority,U10,1504.411176,true
ARL_UPDATE,10,15,ARL_UPDATE_h10_015,Authority,U10,1465.464607,true
ARL_UPDATE,10,16,ARL_UPDATE_h10_016,Authority,U10,1468.438272,true
ARL_UPDATE,10,17,ARL_UPDATE_h10_017,Authority,U10,1468.711644,true
ARL_UPDATE,10,18,ARL_UPDATE_h10_018,Authority,U10,1494.730729,true
ARL_UPDATE,10,19,ARL_UPDATE_h10_019,Authority,U10,1495.570656,true
ARL_UPDATE,10,20,ARL_UPDATE_h10_020,Authority,U10,1463.725661,true
ARL_UPDATE,10,21,ARL_UPDATE_h10_021,Authority,U10,1461.782718,true
ARL_UPDATE,10,22,ARL_UPDATE_h10_022,Authority,U10,1469.887161,true
ARL_UPDATE,10,23,ARL_UPDATE_h10_023,Authority,U10,1461.261093,true
ARL_UPDATE,10,24,ARL_UPDATE_h10_024,Authority,U10,1459.592865,true
ARL_UPDATE,10,25,ARL_UPDATE_h10_025,Authority,U10,1415.297369,true
ARL_UPDATE,10,26,ARL_UPDATE_h10_026,Authority,U10,1445.430752,true
ARL_UPDATE,10,27,ARL_UPDATE_h10_027,Authority,U10,1432.006438,true
ARL_UPDATE,10,28,ARL_UPDATE_h10_028,Authority,U10,1438.860103,true
ARL_UPDATE,10,29,ARL_UPDATE_h10_029,Authority,U10,1460.260543,true
ARL_UPDATE,10,30,ARL_UPDATE_h10_030,Authority,U10,1464.626684,true
KEY_REQUEST_RESPONSE,10,1,bench_h10_key_001,U10,Authority,4432.798950,true
KEY_REQUEST_RESPONSE,10,2,bench_h10_key_002,U10,Authority,2893.697362,true
KEY_REQUEST_RESPONSE,10,3,bench_h10_key_003,U10,Authority,2956.262733,true
KEY_REQUEST_RESPONSE,10,4,bench_h10_key_004,U10,Authority,2935.892641,true
KEY_REQUEST_RESPONSE,10,5,bench_h10_key_005,U10,Authority,3443.967844,true
KEY_REQUEST_RESPONSE,10,6,bench_h10_key_006,U10,Authority,5483.881367,true
KEY_REQUEST_RESPONSE,10,7,bench_h10_key_007,U10,Authority,5418.620023,true
KEY_REQUEST_RESPONSE,10,8,bench_h10_key_008,U10,Authority,2954.107521,true
KEY_REQUEST_RESPONSE,10,9,bench_h10_key_009,U10,Authority,3469.328702,true
KEY_REQUEST_RESPONSE,10,10,bench_h10_key_010,U10,Authority,4429.844412,true
KEY_REQUEST_RESPONSE,10,11,bench_h10_key_011,U10,Authority,2891.703549,true
KEY_REQUEST_RESPONSE,10,12,bench_h10_key_012,U10,Authority,4429.738424,true
KEY_REQUEST_RESPONSE,10,13,bench_h10_key_013,U10,Authority,4490.119877,true
KEY_REQUEST_RESPONSE,10,14,bench_h10_key_014,U10,Authority,5448.852317,true
KEY_REQUEST_RESPONSE,10,15,bench_h10_key_015,U10,Authority,2931.050020,true
KEY_REQUEST_RESPONSE,10,16,bench_h10_key_016,U10,Authority,2965.672240,true
KEY_REQUEST_RESPONSE,10,17,bench_h10_key_017,U10,Authority,4434.389605,true
KEY_REQUEST_RESPONSE,10,18,bench_h10_key_018,U10,Authority,4464.458613,true
KEY_REQUEST_RESPONSE,10,19,bench_h10_key_019,U10,Authority,3435.382685,true
KEY_REQUEST_RESPONSE,10,20,bench_h10_key_020,U10,Authority,4468.198059,true
KEY_REQUEST_RESPONSE,10,21,bench_h10_key_021,U10,Authority,3472.970649,true
KEY_REQUEST_RESPONSE,10,22,bench_h10_key_022,U10,Authority,3952.772236,true
KEY_REQUEST_RESPONSE,10,23,bench_h10_key_023,U10,Authority,4522.671490,true
KEY_REQUEST_RESPONSE,10,24,bench_h10_key_024,U10,Authority,2926.670195,true
KEY_REQUEST_RESPONSE,10,25,bench_h10_key_025,U10,Authority,2897.729928,true
KEY_REQUEST_RESPONSE,10,26,bench_h10_key_026,U10,Authority,3465.448892,true
KEY_REQUEST_RESPONSE,10,27,bench_h10_key_027,U10,Authority,4397.253390,true
KEY_REQUEST_RESPONSE,10,28,bench_h10_key_028,U10,Authority,2958.757500,true
KEY_REQUEST_RESPONSE,10,29,bench_h10_key_029,U10,Authority,2926.773036,true
KEY_REQUEST_RESPONSE,10,30,bench_h10_key_030,U10,Authority,2953.628999,true
