hops,node_id,x_m,expected_neighbors,observed_neighbors,validated
1,N00,0,N01,U1,true
1,N01,50,N00;N02,Authority;U2,true
1,N02,100,N01;N03,,geometry_only
1,N03,150,N02;N04,,geometry_only
1,N04,200,N03;N05,,geometry_only
1,N05,250,N04,,geometry_only
2,N00,0,N01,U1,true
2,N01,50,N00;N02,,geometry_only
2,N02,100,N01;N03,U1;U3,true
2,N03,150,N02;N04,,geometry_only
2,N04,200,N03;N05,,geometry_only
2,N05,250,N04,,geometry_only
3,N00,0,N01,U1,true
3,N01,50,N00;N02,,geometry_only
3,N02,100,N01;N03,,geometry_only
3,N03,150,N02;N04,U2;U4,true
3,N04,200,N03;N05,,geometry_only
3,N05,250,N04,,geometry_only
4,N00,0,N01,U1,true
4,N01,50,N00;N02,,geometry_only
4,N02,100,N01;N03,,geometry_only
4,N03,150,N02;N04,,geometry_only
4,N04,200,N03;N05,U3;U5,true
4,N05,250,N04,,geometry_only
5,N00,0,N01,U1,true
5,N01,50,N00;N02,,geometry_only
5,N02,100,N01;N03,,geometry_only
5,N03,150,N02;N04,,geometry_only
5,N04,200,N03;N05,,geometry_only
5,N05,250,N04,U4,true
10,N00,0,N01,N01,true
10,N01,50,N00;N02,N00;N02,true
10,N02,100,N01;N03,N01;N03,true
10,N03,150,N02;N04,N02;N04,true
10,N04,200,N03;N05,N03;N05,true
10,N05,250,N04;N06,N04;N06,true
10,N06,300,N05;N07,N05;N07,true
10,N07,350,N06;N08,N06;N08,true
10,N08,400,N07;N09,N07;N09,true
10,N09,450,N08;N10,N08;N10,true
10,N10,500,N09,N09,true
